model_id,requested_model_revision,resolved_model_revision,manifest_hash,promptset_hash,sample_id,utterance_id,source,prompt_id,prompt_level,prompt_family,prompt_hash,prompt_text,audio_path,resolved_audio_path,reference_original,reference_dataset_normalized,reference_normalized,duration_sec,status,raw_output,cleaned_prediction,prediction_normalized,generated_tokens,inference_seconds,real_time_factor,error_type,error_message,timestamp_utc,metric_status,wer,cer,word_hits,word_substitutions,word_deletions,word_insertions,ref_words,word_edits,char_hits,char_substitutions,char_deletions,char_insertions,ref_chars,char_edits,hyp_words,output_reference_word_ratio,insertion_rate,rejection_flag,meta_response_flag,repetition_flag,hallucination_proxy_flag,hallucination_proxy_reason,script_presence_match
mistralai/Voxtral-Mini-3B-2507,main,3060fe34b35ba5d44202ce9ff3c097642914f8f3,1fcb17498781e52634f57ec1dabc05b37faa5ebc0edda2d0b71a2b03878e146c,039b62096708cde7517e6421cb47f6d89c1faa5ba826414de1e8bf62e3e5f24b,audio/5efdeced91.wav,audio/5efdeced91.wav,slr54,L2_a,L2,linguistic_paragraph,69fbc435aab89329dd9373149c58e54e0dc717e36aca3f87fd966c840d9fb4d5,"Transcribe the spoken Nepali audio verbatim in Devanagari script. Preserve any English words in Latin script and keep Nepali-English code-switching in the spoken order. Do not translate between languages. Keep fillers, repetitions, corrections, false starts, and incomplete words. Do not correct grammar or normalize the speaker's wording. Do not infer inaudible words. Do not add timestamps, speaker labels, explanations, or confidence scores. Return only the transcription.",audio/5efdeced91.wav,/kaggle/input/datasets/panditaadarsh/oslr54-50-utt/oslr54/audio/5efdeced91.wav,केवल पाँच गाउँ,केवल पाँच गाउँ,केवल पाँच गाउँ,3.2,success,केबल पाँच गाउँ,केबल पाँच गाउँ,केबल पाँच गाउँ,9,3.3966,1.0614,,,2026-08-14T13:45:54.011020+00:00,ok,0.3333333333333333,0.07142857142857142,2,1,0,0,3,1,13,1,0,0,14,1,3,1.0,0.0,False,False,False,False,,True
mistralai/Voxtral-Mini-3B-2507,main,3060fe34b35ba5d44202ce9ff3c097642914f8f3,1fcb17498781e52634f57ec1dabc05b37faa5ebc0edda2d0b71a2b03878e146c,039b62096708cde7517e6421cb47f6d89c1faa5ba826414de1e8bf62e3e5f24b,audio/5efdeced91.wav,audio/5efdeced91.wav,slr54,L2_b,L2,linguistic_rules,6fe608b8973d86f985c53419657b50e905207f4a0e0756e432c38f76d4f8630a,"You are a verbatim transcription system for Nepali speech.
Rules:
1. Write Nepali in Devanagari.
2. Write English words in Latin script.
3. Preserve Nepali-English code-switching in the spoken order.
4. Do not translate.
5. Keep fillers, repetitions, corrections, false starts, and incomplete words.
6. Do not correct grammar or normalize wording.
7. Do not guess inaudible words.
8. Add no timestamps, speaker labels, explanations, or confidence scores.
9. Output only the transcription.
10. Write spoken numbers as Nepali words, not digits.",audio/5efdeced91.wav,/kaggle/input/datasets/panditaadarsh/oslr54-50-utt/oslr54/audio/5efdeced91.wav,केवल पाँच गाउँ,केवल पाँच गाउँ,केवल पाँच गाउँ,3.2,success,कैबल पाँच गाउँ,कैबल पाँच गाउँ,कैबल पाँच गाउँ,10,3.4564,1.0801,,,2026-08-14T13:45:57.427072+00:00,ok,0.3333333333333333,0.14285714285714285,2,1,0,0,3,1,12,2,0,0,14,2,3,1.0,0.0,False,False,False,False,,True
mistralai/Voxtral-Mini-3B-2507,main,3060fe34b35ba5d44202ce9ff3c097642914f8f3,1fcb17498781e52634f57ec1dabc05b37faa5ebc0edda2d0b71a2b03878e146c,039b62096708cde7517e6421cb47f6d89c1faa5ba826414de1e8bf62e3e5f24b,audio/5efdeced91.wav,audio/5efdeced91.wav,slr54,L2_d,L2,linguistic_nepali,e9f3e0193e8c25070a1966ea8419717e1da498cbc875300ff3da7a397a41e92c,"You are a verbatim transcription system for Nepali speech.

नेपाली अडियोमा बोलेको कुरा जस्ताको तस्तै लेख्नुहोस्।

Rules:
1. नेपाली शब्दहरू देवनागरी लिपिमा लेख्नुहोस्।
2. सुनिएको शब्दलाई अनुवाद वा अर्थ परिवर्तन नगरी जस्ताको तस्तै लेख्नुहोस्।
3. English words spoken in the audio must remain in Latin script.
4. नेपाली र English मिसिएको भए बोलेको क्रममै code-switching सुरक्षित राख्नुहोस्।
5. अँ, अहँ, उम्, ए, हैन जस्ता सुनिएका fillers र discourse words नहटाउनुहोस्।
6. दोहोरिएका शब्द, अधुरा शब्द, false starts र speaker corrections जस्ताको तस्तै राख्नुहोस्।
7. व्याकरण, उच्चारण वा बोल्ने शैलीलाई 'सुधारेर' मानक नेपाली नबनाउनुहोस्।
8. अस्पष्ट वा नसुनिएको शब्द अनुमान गरेर नलेख्नुहोस्।
9. बोलेका सङ्ख्या शब्दका रूपमा लेख्नुहोस्, जस्तै एक, दुई, तीन; digits प्रयोग नगर्नुहोस्।
10. कुनै explanation, timestamp, speaker label वा अतिरिक्त text नदिनुहोस्।

Output only the transcription.",audio/5efdeced91.wav,/kaggle/input/datasets/panditaadarsh/oslr54-50-utt/oslr54/audio/5efdeced91.wav,केवल पाँच गाउँ,केवल पाँच गाउँ,केवल पाँच गाउँ,3.2,success,केबल पाँच गाउँ।,केबल पाँच गाउँ।,केबल पाँच गाउँ,10,4.5072,1.4085,,,2026-08-14T13:46:00.898410+00:00,ok,0.3333333333333333,0.07142857142857142,2,1,0,0,3,1,13,1,0,0,14,1,3,1.0,0.0,False,False,False,False,,True
mistralai/Voxtral-Mini-3B-2507,main,3060fe34b35ba5d44202ce9ff3c097642914f8f3,1fcb17498781e52634f57ec1dabc05b37faa5ebc0edda2d0b71a2b03878e146c,039b62096708cde7517e6421cb47f6d89c1faa5ba826414de1e8bf62e3e5f24b,audio/5efdeced91.wav,audio/5efdeced91.wav,slr54,L2_i,L2,final,f1b798e1d028b45d88f956b0d5e7e10a571bda691f13a54607505a3fbf667bfa,"You are a verbatim transcription system for Nepali speech.

नेपाली अडियोमा बोलेको कुरा जस्ताको तस्तै लेख्नुहोस्।

Rules:
1. नेपाली शब्दहरू देवनागरी लिपिमा लेख्नुहोस्।
2. जे सुनिन्छ त्यही लेख्नुहोस्। अनुवाद, सारांश वा व्याख्या नगर्नुहोस्। अस्पष्ट नेपाली speech भए आफ्नो उत्तम ध्वन्यात्मक अनुमान देवनागरीमा लेख्नुहोस्।
3. English words, names, acronyms र technical terms लाई Latin script मै राख्नुहोस्; देवनागरीमा transliterate नगर्नुहोस्।
4. नेपाली-English code-switching बोलेको स्थान र क्रममै राख्नुहोस्।
5. बोलेका सङ्ख्या digits मा नलेखी शब्दका रूपमा लेख्नुहोस्।
6. fillers, repetitions, corrections र incomplete words जस्ताको तस्तै राख्नुहोस्।
7. grammar वा wording सुधार वा normalize नगर्नुहोस्।
8. explanation, timestamp, speaker label वा अतिरिक्त text नदिनुहोस्।

Output only the transcription.",audio/5efdeced91.wav,/kaggle/input/datasets/panditaadarsh/oslr54-50-utt/oslr54/audio/5efdeced91.wav,केवल पाँच गाउँ,केवल पाँच गाउँ,केवल पाँच गाउँ,3.2,success,केबल पाँच गाउँ।,केबल पाँच गाउँ।,केबल पाँच गाउँ,10,4.3213,1.3504,,,2026-08-14T13:46:05.421379+00:00,ok,0.3333333333333333,0.07142857142857142,2,1,0,0,3,1,13,1,0,0,14,1,3,1.0,0.0,False,False,False,False,,True
mistralai/Voxtral-Mini-3B-2507,main,3060fe34b35ba5d44202ce9ff3c097642914f8f3,1fcb17498781e52634f57ec1dabc05b37faa5ebc0edda2d0b71a2b03878e146c,039b62096708cde7517e6421cb47f6d89c1faa5ba826414de1e8bf62e3e5f24b,audio/5c99b820a7.wav,audio/5c99b820a7.wav,slr54,L2_a,L2,linguistic_paragraph,69fbc435aab89329dd9373149c58e54e0dc717e36aca3f87fd966c840d9fb4d5,"Transcribe the spoken Nepali audio verbatim in Devanagari script. Preserve any English words in Latin script and keep Nepali-English code-switching in the spoken order. Do not translate between languages. Keep fillers, repetitions, corrections, false starts, and incomplete words. Do not correct grammar or normalize the speaker's wording. Do not infer inaudible words. Do not add timestamps, speaker labels, explanations, or confidence scores. Return only the transcription.",audio/5c99b820a7.wav,/kaggle/input/datasets/panditaadarsh/oslr54-50-utt/oslr54/audio/5c99b820a7.wav,अस्ट्रेलियाको मुख्य भूमिमा,अस्ट्रेलियाको मुख्य भूमिमा,अस्ट्रेलियाको मुख्य भूमिमा,4.1,success,ऑस्ट्रेलिया का मुख्य भूमि,ऑस्ट्रेलिया का मुख्य भूमि,ऑस्ट्रेलिया का मुख्य भूमि,9,3.5399,0.8634,,,2026-08-14T13:46:09.758723+00:00,ok,1.0,0.19230769230769232,1,2,0,1,3,3,22,2,2,1,26,5,4,1.3333,0.3333,False,False,False,False,,True
mistralai/Voxtral-Mini-3B-2507,main,3060fe34b35ba5d44202ce9ff3c097642914f8f3,1fcb17498781e52634f57ec1dabc05b37faa5ebc0edda2d0b71a2b03878e146c,039b62096708cde7517e6421cb47f6d89c1faa5ba826414de1e8bf62e3e5f24b,audio/5c99b820a7.wav,audio/5c99b820a7.wav,slr54,L2_b,L2,linguistic_rules,6fe608b8973d86f985c53419657b50e905207f4a0e0756e432c38f76d4f8630a,"You are a verbatim transcription system for Nepali speech.
Rules:
1. Write Nepali in Devanagari.
2. Write English words in Latin script.
3. Preserve Nepali-English code-switching in the spoken order.
4. Do not translate.
5. Keep fillers, repetitions, corrections, false starts, and incomplete words.
6. Do not correct grammar or normalize wording.
7. Do not guess inaudible words.
8. Add no timestamps, speaker labels, explanations, or confidence scores.
9. Output only the transcription.
10. Write spoken numbers as Nepali words, not digits.",audio/5c99b820a7.wav,/kaggle/input/datasets/panditaadarsh/oslr54-50-utt/oslr54/audio/5c99b820a7.wav,अस्ट्रेलियाको मुख्य भूमिमा,अस्ट्रेलियाको मुख्य भूमिमा,अस्ट्रेलियाको मुख्य भूमिमा,4.1,success,ओस्ट्रेलिया को मुख्य भूमि मा,ओस्ट्रेलिया को मुख्य भूमि मा,ओस्ट्रेलिया को मुख्य भूमि मा,10,3.6802,0.8976,,,2026-08-14T13:46:13.318339+00:00,ok,1.3333333333333333,0.11538461538461539,1,2,0,2,3,4,25,1,0,2,26,3,5,1.6667,0.6667,False,False,False,False,,True
mistralai/Voxtral-Mini-3B-2507,main,3060fe34b35ba5d44202ce9ff3c097642914f8f3,1fcb17498781e52634f57ec1dabc05b37faa5ebc0edda2d0b71a2b03878e146c,039b62096708cde7517e6421cb47f6d89c1faa5ba826414de1e8bf62e3e5f24b,audio/5c99b820a7.wav,audio/5c99b820a7.wav,slr54,L2_d,L2,linguistic_nepali,e9f3e0193e8c25070a1966ea8419717e1da498cbc875300ff3da7a397a41e92c,"You are a verbatim transcription system for Nepali speech.

नेपाली अडियोमा बोलेको कुरा जस्ताको तस्तै लेख्नुहोस्।

Rules:
1. नेपाली शब्दहरू देवनागरी लिपिमा लेख्नुहोस्।
2. सुनिएको शब्दलाई अनुवाद वा अर्थ परिवर्तन नगरी जस्ताको तस्तै लेख्नुहोस्।
3. English words spoken in the audio must remain in Latin script.
4. नेपाली र English मिसिएको भए बोलेको क्रममै code-switching सुरक्षित राख्नुहोस्।
5. अँ, अहँ, उम्, ए, हैन जस्ता सुनिएका fillers र discourse words नहटाउनुहोस्।
6. दोहोरिएका शब्द, अधुरा शब्द, false starts र speaker corrections जस्ताको तस्तै राख्नुहोस्।
7. व्याकरण, उच्चारण वा बोल्ने शैलीलाई 'सुधारेर' मानक नेपाली नबनाउनुहोस्।
8. अस्पष्ट वा नसुनिएको शब्द अनुमान गरेर नलेख्नुहोस्।
9. बोलेका सङ्ख्या शब्दका रूपमा लेख्नुहोस्, जस्तै एक, दुई, तीन; digits प्रयोग नगर्नुहोस्।
10. कुनै explanation, timestamp, speaker label वा अतिरिक्त text नदिनुहोस्।

Output only the transcription.",audio/5c99b820a7.wav,/kaggle/input/datasets/panditaadarsh/oslr54-50-utt/oslr54/audio/5c99b820a7.wav,अस्ट्रेलियाको मुख्य भूमिमा,अस्ट्रेलियाको मुख्य भूमिमा,अस्ट्रेलियाको मुख्य भूमिमा,4.1,success,ओस्ट्रेलियाको मुख्य भूमि,ओस्ट्रेलियाको मुख्य भूमि,ओस्ट्रेलियाको मुख्य भूमि,8,4.5363,1.1064,,,2026-08-14T13:46:17.014579+00:00,ok,0.6666666666666666,0.11538461538461539,1,2,0,0,3,2,23,1,2,0,26,3,3,1.0,0.0,False,False,False,False,,True
mistralai/Voxtral-Mini-3B-2507,main,3060fe34b35ba5d44202ce9ff3c097642914f8f3,1fcb17498781e52634f57ec1dabc05b37faa5ebc0edda2d0b71a2b03878e146c,039b62096708cde7517e6421cb47f6d89c1faa5ba826414de1e8bf62e3e5f24b,audio/5c99b820a7.wav,audio/5c99b820a7.wav,slr54,L2_i,L2,final,f1b798e1d028b45d88f956b0d5e7e10a571bda691f13a54607505a3fbf667bfa,"You are a verbatim transcription system for Nepali speech.

नेपाली अडियोमा बोलेको कुरा जस्ताको तस्तै लेख्नुहोस्।

Rules:
1. नेपाली शब्दहरू देवनागरी लिपिमा लेख्नुहोस्।
2. जे सुनिन्छ त्यही लेख्नुहोस्। अनुवाद, सारांश वा व्याख्या नगर्नुहोस्। अस्पष्ट नेपाली speech भए आफ्नो उत्तम ध्वन्यात्मक अनुमान देवनागरीमा लेख्नुहोस्।
3. English words, names, acronyms र technical terms लाई Latin script मै राख्नुहोस्; देवनागरीमा transliterate नगर्नुहोस्।
4. नेपाली-English code-switching बोलेको स्थान र क्रममै राख्नुहोस्।
5. बोलेका सङ्ख्या digits मा नलेखी शब्दका रूपमा लेख्नुहोस्।
6. fillers, repetitions, corrections र incomplete words जस्ताको तस्तै राख्नुहोस्।
7. grammar वा wording सुधार वा normalize नगर्नुहोस्।
8. explanation, timestamp, speaker label वा अतिरिक्त text नदिनुहोस्।

Output only the transcription.",audio/5c99b820a7.wav,/kaggle/input/datasets/panditaadarsh/oslr54-50-utt/oslr54/audio/5c99b820a7.wav,अस्ट्रेलियाको मुख्य भूमिमा,अस्ट्रेलियाको मुख्य भूमिमा,अस्ट्रेलियाको मुख्य भूमिमा,4.1,success,ओस्ट्रेलिया को मुख्य भूमि,ओस्ट्रेलिया को मुख्य भूमि,ओस्ट्रेलिया को मुख्य भूमि,8,4.2114,1.0272,,,2026-08-14T13:46:21.566316+00:00,ok,1.0,0.15384615384615385,1,2,0,1,3,3,23,1,2,1,26,4,4,1.3333,0.3333,False,False,False,False,,True
mistralai/Voxtral-Mini-3B-2507,main,3060fe34b35ba5d44202ce9ff3c097642914f8f3,1fcb17498781e52634f57ec1dabc05b37faa5ebc0edda2d0b71a2b03878e146c,039b62096708cde7517e6421cb47f6d89c1faa5ba826414de1e8bf62e3e5f24b,audio/50a6c441d8.wav,audio/50a6c441d8.wav,slr54,L2_a,L2,linguistic_paragraph,69fbc435aab89329dd9373149c58e54e0dc717e36aca3f87fd966c840d9fb4d5,"Transcribe the spoken Nepali audio verbatim in Devanagari script. Preserve any English words in Latin script and keep Nepali-English code-switching in the spoken order. Do not translate between languages. Keep fillers, repetitions, corrections, false starts, and incomplete words. Do not correct grammar or normalize the speaker's wording. Do not infer inaudible words. Do not add timestamps, speaker labels, explanations, or confidence scores. Return only the transcription.",audio/50a6c441d8.wav,/kaggle/input/datasets/panditaadarsh/oslr54-50-utt/oslr54/audio/50a6c441d8.wav,पनि कल्पना गर्न,पनि कल्पना गर्न,पनि कल्पना गर्न,4.1,success,पानी कल्पना गर्नुहोस्।,पानी कल्पना गर्नुहोस्।,पानी कल्पना गर्नुहोस्,13,3.6135,0.8813,,,2026-08-14T13:46:25.796647+00:00,ok,0.6666666666666666,0.4666666666666667,1,2,0,0,3,2,14,1,0,6,15,7,3,1.0,0.0,False,False,False,False,,True
mistralai/Voxtral-Mini-3B-2507,main,3060fe34b35ba5d44202ce9ff3c097642914f8f3,1fcb17498781e52634f57ec1dabc05b37faa5ebc0edda2d0b71a2b03878e146c,039b62096708cde7517e6421cb47f6d89c1faa5ba826414de1e8bf62e3e5f24b,audio/50a6c441d8.wav,audio/50a6c441d8.wav,slr54,L2_b,L2,linguistic_rules,6fe608b8973d86f985c53419657b50e905207f4a0e0756e432c38f76d4f8630a,"You are a verbatim transcription system for Nepali speech.
Rules:
1. Write Nepali in Devanagari.
2. Write English words in Latin script.
3. Preserve Nepali-English code-switching in the spoken order.
4. Do not translate.
5. Keep fillers, repetitions, corrections, false starts, and incomplete words.
6. Do not correct grammar or normalize wording.
7. Do not guess inaudible words.
8. Add no timestamps, speaker labels, explanations, or confidence scores.
9. Output only the transcription.
10. Write spoken numbers as Nepali words, not digits.",audio/50a6c441d8.wav,/kaggle/input/datasets/panditaadarsh/oslr54-50-utt/oslr54/audio/50a6c441d8.wav,पनि कल्पना गर्न,पनि कल्पना गर्न,पनि कल्पना गर्न,4.1,success,पानी कल्पना गर्नुहोस्।,पानी कल्पना गर्नुहोस्।,पानी कल्पना गर्नुहोस्,13,3.6442,0.8888,,,2026-08-14T13:46:29.430958+00:00,ok,0.6666666666666666,0.4666666666666667,1,2,0,0,3,2,14,1,0,6,15,7,3,1.0,0.0,False,False,False,False,,True
mistralai/Voxtral-Mini-3B-2507,main,3060fe34b35ba5d44202ce9ff3c097642914f8f3,1fcb17498781e52634f57ec1dabc05b37faa5ebc0edda2d0b71a2b03878e146c,039b62096708cde7517e6421cb47f6d89c1faa5ba826414de1e8bf62e3e5f24b,audio/50a6c441d8.wav,audio/50a6c441d8.wav,slr54,L2_d,L2,linguistic_nepali,e9f3e0193e8c25070a1966ea8419717e1da498cbc875300ff3da7a397a41e92c,"You are a verbatim transcription system for Nepali speech.

नेपाली अडियोमा बोलेको कुरा जस्ताको तस्तै लेख्नुहोस्।

Rules:
1. नेपाली शब्दहरू देवनागरी लिपिमा लेख्नुहोस्।
2. सुनिएको शब्दलाई अनुवाद वा अर्थ परिवर्तन नगरी जस्ताको तस्तै लेख्नुहोस्।
3. English words spoken in the audio must remain in Latin script.
4. नेपाली र English मिसिएको भए बोलेको क्रममै code-switching सुरक्षित राख्नुहोस्।
5. अँ, अहँ, उम्, ए, हैन जस्ता सुनिएका fillers र discourse words नहटाउनुहोस्।
6. दोहोरिएका शब्द, अधुरा शब्द, false starts र speaker corrections जस्ताको तस्तै राख्नुहोस्।
7. व्याकरण, उच्चारण वा बोल्ने शैलीलाई 'सुधारेर' मानक नेपाली नबनाउनुहोस्।
8. अस्पष्ट वा नसुनिएको शब्द अनुमान गरेर नलेख्नुहोस्।
9. बोलेका सङ्ख्या शब्दका रूपमा लेख्नुहोस्, जस्तै एक, दुई, तीन; digits प्रयोग नगर्नुहोस्।
10. कुनै explanation, timestamp, speaker label वा अतिरिक्त text नदिनुहोस्।

Output only the transcription.",audio/50a6c441d8.wav,/kaggle/input/datasets/panditaadarsh/oslr54-50-utt/oslr54/audio/50a6c441d8.wav,पनि कल्पना गर्न,पनि कल्पना गर्न,पनि कल्पना गर्न,4.1,success,पानी कल्पना गर्न।,पानी कल्पना गर्न।,पानी कल्पना गर्न,9,4.2658,1.0404,,,2026-08-14T13:46:33.091020+00:00,ok,0.3333333333333333,0.13333333333333333,2,1,0,0,3,1,14,1,0,1,15,2,3,1.0,0.0,False,False,False,False,,True
mistralai/Voxtral-Mini-3B-2507,main,3060fe34b35ba5d44202ce9ff3c097642914f8f3,1fcb17498781e52634f57ec1dabc05b37faa5ebc0edda2d0b71a2b03878e146c,039b62096708cde7517e6421cb47f6d89c1faa5ba826414de1e8bf62e3e5f24b,audio/50a6c441d8.wav,audio/50a6c441d8.wav,slr54,L2_i,L2,final,f1b798e1d028b45d88f956b0d5e7e10a571bda691f13a54607505a3fbf667bfa,"You are a verbatim transcription system for Nepali speech.

नेपाली अडियोमा बोलेको कुरा जस्ताको तस्तै लेख्नुहोस्।

Rules:
1. नेपाली शब्दहरू देवनागरी लिपिमा लेख्नुहोस्।
2. जे सुनिन्छ त्यही लेख्नुहोस्। अनुवाद, सारांश वा व्याख्या नगर्नुहोस्। अस्पष्ट नेपाली speech भए आफ्नो उत्तम ध्वन्यात्मक अनुमान देवनागरीमा लेख्नुहोस्।
3. English words, names, acronyms र technical terms लाई Latin script मै राख्नुहोस्; देवनागरीमा transliterate नगर्नुहोस्।
4. नेपाली-English code-switching बोलेको स्थान र क्रममै राख्नुहोस्।
5. बोलेका सङ्ख्या digits मा नलेखी शब्दका रूपमा लेख्नुहोस्।
6. fillers, repetitions, corrections र incomplete words जस्ताको तस्तै राख्नुहोस्।
7. grammar वा wording सुधार वा normalize नगर्नुहोस्।
8. explanation, timestamp, speaker label वा अतिरिक्त text नदिनुहोस्।

Output only the transcription.",audio/50a6c441d8.wav,/kaggle/input/datasets/panditaadarsh/oslr54-50-utt/oslr54/audio/50a6c441d8.wav,पनि कल्पना गर्न,पनि कल्पना गर्न,पनि कल्पना गर्न,4.1,success,पानी कल्पना गर्न।,पानी कल्पना गर्न।,पानी कल्पना गर्न,9,4.0048,0.9768,,,2026-08-14T13:46:37.372962+00:00,ok,0.3333333333333333,0.13333333333333333,2,1,0,0,3,1,14,1,0,1,15,2,3,1.0,0.0,False,False,False,False,,True
mistralai/Voxtral-Mini-3B-2507,main,3060fe34b35ba5d44202ce9ff3c097642914f8f3,1fcb17498781e52634f57ec1dabc05b37faa5ebc0edda2d0b71a2b03878e146c,039b62096708cde7517e6421cb47f6d89c1faa5ba826414de1e8bf62e3e5f24b,audio/54310ca556.wav,audio/54310ca556.wav,slr54,L2_a,L2,linguistic_paragraph,69fbc435aab89329dd9373149c58e54e0dc717e36aca3f87fd966c840d9fb4d5,"Transcribe the spoken Nepali audio verbatim in Devanagari script. Preserve any English words in Latin script and keep Nepali-English code-switching in the spoken order. Do not translate between languages. Keep fillers, repetitions, corrections, false starts, and incomplete words. Do not correct grammar or normalize the speaker's wording. Do not infer inaudible words. Do not add timestamps, speaker labels, explanations, or confidence scores. Return only the transcription.",audio/54310ca556.wav,/kaggle/input/datasets/panditaadarsh/oslr54-50-utt/oslr54/audio/54310ca556.wav,नगर जिल्लाका रूपमा घोषित,नगर जिल्लाका रूपमा घोषित,नगर जिल्लाका रूपमा घोषित,3.4,success,नगर चिल्ला के रूपमा घोशित,नगर चिल्ला के रूपमा घोशित,नगर चिल्ला के रूपमा घोशित,14,3.5201,1.0353,,,2026-08-14T13:46:41.393418+00:00,ok,0.75,0.16666666666666666,2,2,0,1,4,3,21,3,0,1,24,4,5,1.25,0.25,False,False,False,False,,True
mistralai/Voxtral-Mini-3B-2507,main,3060fe34b35ba5d44202ce9ff3c097642914f8f3,1fcb17498781e52634f57ec1dabc05b37faa5ebc0edda2d0b71a2b03878e146c,039b62096708cde7517e6421cb47f6d89c1faa5ba826414de1e8bf62e3e5f24b,audio/54310ca556.wav,audio/54310ca556.wav,slr54,L2_b,L2,linguistic_rules,6fe608b8973d86f985c53419657b50e905207f4a0e0756e432c38f76d4f8630a,"You are a verbatim transcription system for Nepali speech.
Rules:
1. Write Nepali in Devanagari.
2. Write English words in Latin script.
3. Preserve Nepali-English code-switching in the spoken order.
4. Do not translate.
5. Keep fillers, repetitions, corrections, false starts, and incomplete words.
6. Do not correct grammar or normalize wording.
7. Do not guess inaudible words.
8. Add no timestamps, speaker labels, explanations, or confidence scores.
9. Output only the transcription.
10. Write spoken numbers as Nepali words, not digits.",audio/54310ca556.wav,/kaggle/input/datasets/panditaadarsh/oslr54-50-utt/oslr54/audio/54310ca556.wav,नगर जिल्लाका रूपमा घोषित,नगर जिल्लाका रूपमा घोषित,नगर जिल्लाका रूपमा घोषित,3.4,success,नगर चिल्ला के रूपमा घोशित,नगर चिल्ला के रूपमा घोशित,नगर चिल्ला के रूपमा घोशित,14,3.5449,1.0426,,,2026-08-14T13:46:44.928729+00:00,ok,0.75,0.16666666666666666,2,2,0,1,4,3,21,3,0,1,24,4,5,1.25,0.25,False,False,False,False,,True
mistralai/Voxtral-Mini-3B-2507,main,3060fe34b35ba5d44202ce9ff3c097642914f8f3,1fcb17498781e52634f57ec1dabc05b37faa5ebc0edda2d0b71a2b03878e146c,039b62096708cde7517e6421cb47f6d89c1faa5ba826414de1e8bf62e3e5f24b,audio/54310ca556.wav,audio/54310ca556.wav,slr54,L2_d,L2,linguistic_nepali,e9f3e0193e8c25070a1966ea8419717e1da498cbc875300ff3da7a397a41e92c,"You are a verbatim transcription system for Nepali speech.

नेपाली अडियोमा बोलेको कुरा जस्ताको तस्तै लेख्नुहोस्।

Rules:
1. नेपाली शब्दहरू देवनागरी लिपिमा लेख्नुहोस्।
2. सुनिएको शब्दलाई अनुवाद वा अर्थ परिवर्तन नगरी जस्ताको तस्तै लेख्नुहोस्।
3. English words spoken in the audio must remain in Latin script.
4. नेपाली र English मिसिएको भए बोलेको क्रममै code-switching सुरक्षित राख्नुहोस्।
5. अँ, अहँ, उम्, ए, हैन जस्ता सुनिएका fillers र discourse words नहटाउनुहोस्।
6. दोहोरिएका शब्द, अधुरा शब्द, false starts र speaker corrections जस्ताको तस्तै राख्नुहोस्।
7. व्याकरण, उच्चारण वा बोल्ने शैलीलाई 'सुधारेर' मानक नेपाली नबनाउनुहोस्।
8. अस्पष्ट वा नसुनिएको शब्द अनुमान गरेर नलेख्नुहोस्।
9. बोलेका सङ्ख्या शब्दका रूपमा लेख्नुहोस्, जस्तै एक, दुई, तीन; digits प्रयोग नगर्नुहोस्।
10. कुनै explanation, timestamp, speaker label वा अतिरिक्त text नदिनुहोस्।

Output only the transcription.",audio/54310ca556.wav,/kaggle/input/datasets/panditaadarsh/oslr54-50-utt/oslr54/audio/54310ca556.wav,नगर जिल्लाका रूपमा घोषित,नगर जिल्लाका रूपमा घोषित,नगर जिल्लाका रूपमा घोषित,3.4,success,नगर चिल्ला के रूपमा घोशित,नगर चिल्ला के रूपमा घोशित,नगर चिल्ला के रूपमा घोशित,14,4.3924,1.2919,,,2026-08-14T13:46:48.488574+00:00,ok,0.75,0.16666666666666666,2,2,0,1,4,3,21,3,0,1,24,4,5,1.25,0.25,False,False,False,False,,True
mistralai/Voxtral-Mini-3B-2507,main,3060fe34b35ba5d44202ce9ff3c097642914f8f3,1fcb17498781e52634f57ec1dabc05b37faa5ebc0edda2d0b71a2b03878e146c,039b62096708cde7517e6421cb47f6d89c1faa5ba826414de1e8bf62e3e5f24b,audio/54310ca556.wav,audio/54310ca556.wav,slr54,L2_i,L2,final,f1b798e1d028b45d88f956b0d5e7e10a571bda691f13a54607505a3fbf667bfa,"You are a verbatim transcription system for Nepali speech.

नेपाली अडियोमा बोलेको कुरा जस्ताको तस्तै लेख्नुहोस्।

Rules:
1. नेपाली शब्दहरू देवनागरी लिपिमा लेख्नुहोस्।
2. जे सुनिन्छ त्यही लेख्नुहोस्। अनुवाद, सारांश वा व्याख्या नगर्नुहोस्। अस्पष्ट नेपाली speech भए आफ्नो उत्तम ध्वन्यात्मक अनुमान देवनागरीमा लेख्नुहोस्।
3. English words, names, acronyms र technical terms लाई Latin script मै राख्नुहोस्; देवनागरीमा transliterate नगर्नुहोस्।
4. नेपाली-English code-switching बोलेको स्थान र क्रममै राख्नुहोस्।
5. बोलेका सङ्ख्या digits मा नलेखी शब्दका रूपमा लेख्नुहोस्।
6. fillers, repetitions, corrections र incomplete words जस्ताको तस्तै राख्नुहोस्।
7. grammar वा wording सुधार वा normalize नगर्नुहोस्।
8. explanation, timestamp, speaker label वा अतिरिक्त text नदिनुहोस्।

Output only the transcription.",audio/54310ca556.wav,/kaggle/input/datasets/panditaadarsh/oslr54-50-utt/oslr54/audio/54310ca556.wav,नगर जिल्लाका रूपमा घोषित,नगर जिल्लाका रूपमा घोषित,नगर जिल्लाका रूपमा घोषित,3.4,success,नगर चिल्ला के रूपमा घोशित,नगर चिल्ला के रूपमा घोशित,नगर चिल्ला के रूपमा घोशित,14,4.1196,1.2116,,,2026-08-14T13:46:52.898363+00:00,ok,0.75,0.16666666666666666,2,2,0,1,4,3,21,3,0,1,24,4,5,1.25,0.25,False,False,False,False,,True
mistralai/Voxtral-Mini-3B-2507,main,3060fe34b35ba5d44202ce9ff3c097642914f8f3,1fcb17498781e52634f57ec1dabc05b37faa5ebc0edda2d0b71a2b03878e146c,039b62096708cde7517e6421cb47f6d89c1faa5ba826414de1e8bf62e3e5f24b,audio/51ca00e62d.wav,audio/51ca00e62d.wav,slr54,L2_a,L2,linguistic_paragraph,69fbc435aab89329dd9373149c58e54e0dc717e36aca3f87fd966c840d9fb4d5,"Transcribe the spoken Nepali audio verbatim in Devanagari script. Preserve any English words in Latin script and keep Nepali-English code-switching in the spoken order. Do not translate between languages. Keep fillers, repetitions, corrections, false starts, and incomplete words. Do not correct grammar or normalize the speaker's wording. Do not infer inaudible words. Do not add timestamps, speaker labels, explanations, or confidence scores. Return only the transcription.",audio/51ca00e62d.wav,/kaggle/input/datasets/panditaadarsh/oslr54-50-utt/oslr54/audio/51ca00e62d.wav,थुप्रै विषयलाई लिएर,थुप्रै विषयलाई लिएर,थुप्रै विषयलाई लिएर,2.1,success,तपाईंको बिशेष लाइन हो?,तपाईंको बिशेष लाइन हो?,तपाईंको बिशेष लाइन हो,13,3.4135,1.6255,,,2026-08-14T13:46:57.038270+00:00,ok,1.3333333333333333,0.8947368421052632,0,3,0,1,3,4,6,11,2,4,19,17,4,1.3333,0.3333,False,False,False,False,,True
mistralai/Voxtral-Mini-3B-2507,main,3060fe34b35ba5d44202ce9ff3c097642914f8f3,1fcb17498781e52634f57ec1dabc05b37faa5ebc0edda2d0b71a2b03878e146c,039b62096708cde7517e6421cb47f6d89c1faa5ba826414de1e8bf62e3e5f24b,audio/51ca00e62d.wav,audio/51ca00e62d.wav,slr54,L2_b,L2,linguistic_rules,6fe608b8973d86f985c53419657b50e905207f4a0e0756e432c38f76d4f8630a,"You are a verbatim transcription system for Nepali speech.
Rules:
1. Write Nepali in Devanagari.
2. Write English words in Latin script.
3. Preserve Nepali-English code-switching in the spoken order.
4. Do not translate.
5. Keep fillers, repetitions, corrections, false starts, and incomplete words.
6. Do not correct grammar or normalize wording.
7. Do not guess inaudible words.
8. Add no timestamps, speaker labels, explanations, or confidence scores.
9. Output only the transcription.
10. Write spoken numbers as Nepali words, not digits.",audio/51ca00e62d.wav,/kaggle/input/datasets/panditaadarsh/oslr54-50-utt/oslr54/audio/51ca00e62d.wav,थुप्रै विषयलाई लिएर,थुप्रै विषयलाई लिएर,थुप्रै विषयलाई लिएर,2.1,success,ठुप्रे बिशेलाल रा।,ठुप्रे बिशेलाल रा।,ठुप्रे बिशेलाल रा,12,3.418,1.6276,,,2026-08-14T13:47:00.466391+00:00,ok,1.0,0.5263157894736842,0,3,0,0,3,3,9,8,2,0,19,10,3,1.0,0.0,False,False,False,False,,True
mistralai/Voxtral-Mini-3B-2507,main,3060fe34b35ba5d44202ce9ff3c097642914f8f3,1fcb17498781e52634f57ec1dabc05b37faa5ebc0edda2d0b71a2b03878e146c,039b62096708cde7517e6421cb47f6d89c1faa5ba826414de1e8bf62e3e5f24b,audio/51ca00e62d.wav,audio/51ca00e62d.wav,slr54,L2_d,L2,linguistic_nepali,e9f3e0193e8c25070a1966ea8419717e1da498cbc875300ff3da7a397a41e92c,"You are a verbatim transcription system for Nepali speech.

नेपाली अडियोमा बोलेको कुरा जस्ताको तस्तै लेख्नुहोस्।

Rules:
1. नेपाली शब्दहरू देवनागरी लिपिमा लेख्नुहोस्।
2. सुनिएको शब्दलाई अनुवाद वा अर्थ परिवर्तन नगरी जस्ताको तस्तै लेख्नुहोस्।
3. English words spoken in the audio must remain in Latin script.
4. नेपाली र English मिसिएको भए बोलेको क्रममै code-switching सुरक्षित राख्नुहोस्।
5. अँ, अहँ, उम्, ए, हैन जस्ता सुनिएका fillers र discourse words नहटाउनुहोस्।
6. दोहोरिएका शब्द, अधुरा शब्द, false starts र speaker corrections जस्ताको तस्तै राख्नुहोस्।
7. व्याकरण, उच्चारण वा बोल्ने शैलीलाई 'सुधारेर' मानक नेपाली नबनाउनुहोस्।
8. अस्पष्ट वा नसुनिएको शब्द अनुमान गरेर नलेख्नुहोस्।
9. बोलेका सङ्ख्या शब्दका रूपमा लेख्नुहोस्, जस्तै एक, दुई, तीन; digits प्रयोग नगर्नुहोस्।
10. कुनै explanation, timestamp, speaker label वा अतिरिक्त text नदिनुहोस्।

Output only the transcription.",audio/51ca00e62d.wav,/kaggle/input/datasets/panditaadarsh/oslr54-50-utt/oslr54/audio/51ca00e62d.wav,थुप्रै विषयलाई लिएर,थुप्रै विषयलाई लिएर,थुप्रै विषयलाई लिएर,2.1,success,"अहिले कसैले बेल्ट लगाएको छ, जसले बेल्ट लगाउने गर्नेहरूलाई बेल्ट लगाउन लागेको समयमा बेल्ट लगाउन लागेको समयमा बेल्ट लगाउन लागेको समयमा बेल्ट लगाउन लागेको समयमा बेल्ट लगाउन लागेको समयमा बेल्ट लगाउन लागेको समयमा बेल्ट लगाउन लागेको समयमा बेल्ट लगाउन लागेको समयमा बेल्ट लगाउन लागेको समयमा बेल्ट लगाउन लागेको समयमा बेल्ट लगाउन लागेको समयमा बेल्ट लगाउन लागेको समयमा बेल्ट लगाउन लागेको समयमा बेल्ट लगाउन लागेको समयमा बेल्ट लगाउन लागेको समयमा बेल्ट लगाउन लागेको समयमा बेल्ट लगाउन लागेको समयमा बेल्ट लगाउन लागेको समयमा बेल्ट लगाउन लागेको समयमा बेल्ट लगाउन लागेको समयमा बेल्ट लगाउन","अहिले कसैले बेल्ट लगाएको छ, जसले बेल्ट लगाउने गर्नेहरूलाई बेल्ट लगाउन लागेको समयमा बेल्ट लगाउन लागेको समयमा बेल्ट लगाउन लागेको समयमा बेल्ट लगाउन लागेको समयमा बेल्ट लगाउन लागेको समयमा बेल्ट लगाउन लागेको समयमा बेल्ट लगाउन लागेको समयमा बेल्ट लगाउन लागेको समयमा बेल्ट लगाउन लागेको समयमा बेल्ट लगाउन लागेको समयमा बेल्ट लगाउन लागेको समयमा बेल्ट लगाउन लागेको समयमा बेल्ट लगाउन लागेको समयमा बेल्ट लगाउन लागेको समयमा बेल्ट लगाउन लागेको समयमा बेल्ट लगाउन लागेको समयमा बेल्ट लगाउन लागेको समयमा बेल्ट लगाउन लागेको समयमा बेल्ट लगाउन लागेको समयमा बेल्ट लगाउन लागेको समयमा बेल्ट लगाउन",अहिले कसैले बेल्ट लगाएको छ जसले बेल्ट लगाउने गर्नेहरूलाई बेल्ट लगाउन लागेको समयमा बेल्ट लगाउन लागेको समयमा बेल्ट लगाउन लागेको समयमा बेल्ट लगाउन लागेको समयमा बेल्ट लगाउन लागेको समयमा बेल्ट लगाउन लागेको समयमा बेल्ट लगाउन लागेको समयमा बेल्ट लगाउन लागेको समयमा बेल्ट लगाउन लागेको समयमा बेल्ट लगाउन लागेको समयमा बेल्ट लगाउन लागेको समयमा बेल्ट लगाउन लागेको समयमा बेल्ट लगाउन लागेको समयमा बेल्ट लगाउन लागेको समयमा बेल्ट लगाउन लागेको समयमा बेल्ट लगाउन लागेको समयमा बेल्ट लगाउन लागेको समयमा बेल्ट लगाउन लागेको समयमा बेल्ट लगाउन लागेको समयमा बेल्ट लगाउन लागेको समयमा बेल्ट लगाउन,256,16.7131,7.9586,,,2026-08-14T13:47:03.899291+00:00,ok,30.333333333333332,29.473684210526315,0,3,0,88,3,91,8,11,0,549,19,560,91,30.3333,29.3333,False,False,True,True,length_ratio>2.5|insertion_rate>1.0|repetition,True
mistralai/Voxtral-Mini-3B-2507,main,3060fe34b35ba5d44202ce9ff3c097642914f8f3,1fcb17498781e52634f57ec1dabc05b37faa5ebc0edda2d0b71a2b03878e146c,039b62096708cde7517e6421cb47f6d89c1faa5ba826414de1e8bf62e3e5f24b,audio/51ca00e62d.wav,audio/51ca00e62d.wav,slr54,L2_i,L2,final,f1b798e1d028b45d88f956b0d5e7e10a571bda691f13a54607505a3fbf667bfa,"You are a verbatim transcription system for Nepali speech.

नेपाली अडियोमा बोलेको कुरा जस्ताको तस्तै लेख्नुहोस्।

Rules:
1. नेपाली शब्दहरू देवनागरी लिपिमा लेख्नुहोस्।
2. जे सुनिन्छ त्यही लेख्नुहोस्। अनुवाद, सारांश वा व्याख्या नगर्नुहोस्। अस्पष्ट नेपाली speech भए आफ्नो उत्तम ध्वन्यात्मक अनुमान देवनागरीमा लेख्नुहोस्।
3. English words, names, acronyms र technical terms लाई Latin script मै राख्नुहोस्; देवनागरीमा transliterate नगर्नुहोस्।
4. नेपाली-English code-switching बोलेको स्थान र क्रममै राख्नुहोस्।
5. बोलेका सङ्ख्या digits मा नलेखी शब्दका रूपमा लेख्नुहोस्।
6. fillers, repetitions, corrections र incomplete words जस्ताको तस्तै राख्नुहोस्।
7. grammar वा wording सुधार वा normalize नगर्नुहोस्।
8. explanation, timestamp, speaker label वा अतिरिक्त text नदिनुहोस्।

Output only the transcription.",audio/51ca00e62d.wav,/kaggle/input/datasets/panditaadarsh/oslr54-50-utt/oslr54/audio/51ca00e62d.wav,थुप्रै विषयलाई लिएर,थुप्रै विषयलाई लिएर,थुप्रै विषयलाई लिएर,2.1,success,"""अहिले कसरी छ? अहिले कसरी छ? अहिले कसरी छ? अहिले कसरी छ? अहिले कसरी छ? अहिले कसरी छ? अहिले कसरी छ? अहिले कसरी छ? अहिले कसरी छ? अहिले कसरी छ? अहिले कसरी छ? अहिले कसरी छ? अहिले कसरी छ? अहिले कसरी छ? अहिले कसरी छ? अहिले कसरी छ? अहिले कसरी छ? अहिले कसरी छ? अहिले कसरी छ? अहिले कसरी छ? अहिले कसरी छ? अहिले कसरी छ? अहिले कसरी छ? अहिले कसरी छ? अहिले कसरी छ? अहिले कसरी छ? अहिले कसरी छ? अहिले कसरी छ? अहिले कसरी छ? अहिले कसरी छ? अहिले कसरी छ? अहिले कसरी छ","""अहिले कसरी छ? अहिले कसरी छ? अहिले कसरी छ? अहिले कसरी छ? अहिले कसरी छ? अहिले कसरी छ? अहिले कसरी छ? अहिले कसरी छ? अहिले कसरी छ? अहिले कसरी छ? अहिले कसरी छ? अहिले कसरी छ? अहिले कसरी छ? अहिले कसरी छ? अहिले कसरी छ? अहिले कसरी छ? अहिले कसरी छ? अहिले कसरी छ? अहिले कसरी छ? अहिले कसरी छ? अहिले कसरी छ? अहिले कसरी छ? अहिले कसरी छ? अहिले कसरी छ? अहिले कसरी छ? अहिले कसरी छ? अहिले कसरी छ? अहिले कसरी छ? अहिले कसरी छ? अहिले कसरी छ? अहिले कसरी छ? अहिले कसरी छ",अहिले कसरी छ अहिले कसरी छ अहिले कसरी छ अहिले कसरी छ अहिले कसरी छ अहिले कसरी छ अहिले कसरी छ अहिले कसरी छ अहिले कसरी छ अहिले कसरी छ अहिले कसरी छ अहिले कसरी छ अहिले कसरी छ अहिले कसरी छ अहिले कसरी छ अहिले कसरी छ अहिले कसरी छ अहिले कसरी छ अहिले कसरी छ अहिले कसरी छ अहिले कसरी छ अहिले कसरी छ अहिले कसरी छ अहिले कसरी छ अहिले कसरी छ अहिले कसरी छ अहिले कसरी छ अहिले कसरी छ अहिले कसरी छ अहिले कसरी छ अहिले कसरी छ अहिले कसरी छ,256,16.5436,7.8779,,,2026-08-14T13:47:20.627088+00:00,ok,32.0,21.42105263157895,0,3,0,93,3,96,8,11,0,396,19,407,96,32.0,31.0,False,False,True,True,length_ratio>2.5|insertion_rate>1.0|repetition,True
mistralai/Voxtral-Mini-3B-2507,main,3060fe34b35ba5d44202ce9ff3c097642914f8f3,1fcb17498781e52634f57ec1dabc05b37faa5ebc0edda2d0b71a2b03878e146c,039b62096708cde7517e6421cb47f6d89c1faa5ba826414de1e8bf62e3e5f24b,audio/593beef069.wav,audio/593beef069.wav,slr54,L2_a,L2,linguistic_paragraph,69fbc435aab89329dd9373149c58e54e0dc717e36aca3f87fd966c840d9fb4d5,"Transcribe the spoken Nepali audio verbatim in Devanagari script. Preserve any English words in Latin script and keep Nepali-English code-switching in the spoken order. Do not translate between languages. Keep fillers, repetitions, corrections, false starts, and incomplete words. Do not correct grammar or normalize the speaker's wording. Do not infer inaudible words. Do not add timestamps, speaker labels, explanations, or confidence scores. Return only the transcription.",audio/593beef069.wav,/kaggle/input/datasets/panditaadarsh/oslr54-50-utt/oslr54/audio/593beef069.wav,गुम्बामा नै बस्ने,गुम्बामा नै बस्ने,गुम्बामा नै बस्ने,2.2,success,गुम्बा में बस्ने,गुम्बा में बस्ने,गुम्बा में बस्ने,9,3.3249,1.5113,,,2026-08-14T13:47:37.190773+00:00,ok,0.6666666666666666,0.29411764705882354,1,2,0,0,3,2,13,2,2,1,17,5,3,1.0,0.0,False,False,False,False,,True
mistralai/Voxtral-Mini-3B-2507,main,3060fe34b35ba5d44202ce9ff3c097642914f8f3,1fcb17498781e52634f57ec1dabc05b37faa5ebc0edda2d0b71a2b03878e146c,039b62096708cde7517e6421cb47f6d89c1faa5ba826414de1e8bf62e3e5f24b,audio/593beef069.wav,audio/593beef069.wav,slr54,L2_b,L2,linguistic_rules,6fe608b8973d86f985c53419657b50e905207f4a0e0756e432c38f76d4f8630a,"You are a verbatim transcription system for Nepali speech.
Rules:
1. Write Nepali in Devanagari.
2. Write English words in Latin script.
3. Preserve Nepali-English code-switching in the spoken order.
4. Do not translate.
5. Keep fillers, repetitions, corrections, false starts, and incomplete words.
6. Do not correct grammar or normalize wording.
7. Do not guess inaudible words.
8. Add no timestamps, speaker labels, explanations, or confidence scores.
9. Output only the transcription.
10. Write spoken numbers as Nepali words, not digits.",audio/593beef069.wav,/kaggle/input/datasets/panditaadarsh/oslr54-50-utt/oslr54/audio/593beef069.wav,गुम्बामा नै बस्ने,गुम्बामा नै बस्ने,गुम्बामा नै बस्ने,2.2,success,गुम्बामा नै बस्ने,गुम्बामा नै बस्ने,गुम्बामा नै बस्ने,10,3.3924,1.542,,,2026-08-14T13:47:40.530439+00:00,ok,0.0,0.0,3,0,0,0,3,0,17,0,0,0,17,0,3,1.0,0.0,False,False,False,False,,True
mistralai/Voxtral-Mini-3B-2507,main,3060fe34b35ba5d44202ce9ff3c097642914f8f3,1fcb17498781e52634f57ec1dabc05b37faa5ebc0edda2d0b71a2b03878e146c,039b62096708cde7517e6421cb47f6d89c1faa5ba826414de1e8bf62e3e5f24b,audio/593beef069.wav,audio/593beef069.wav,slr54,L2_d,L2,linguistic_nepali,e9f3e0193e8c25070a1966ea8419717e1da498cbc875300ff3da7a397a41e92c,"You are a verbatim transcription system for Nepali speech.

नेपाली अडियोमा बोलेको कुरा जस्ताको तस्तै लेख्नुहोस्।

Rules:
1. नेपाली शब्दहरू देवनागरी लिपिमा लेख्नुहोस्।
2. सुनिएको शब्दलाई अनुवाद वा अर्थ परिवर्तन नगरी जस्ताको तस्तै लेख्नुहोस्।
3. English words spoken in the audio must remain in Latin script.
4. नेपाली र English मिसिएको भए बोलेको क्रममै code-switching सुरक्षित राख्नुहोस्।
5. अँ, अहँ, उम्, ए, हैन जस्ता सुनिएका fillers र discourse words नहटाउनुहोस्।
6. दोहोरिएका शब्द, अधुरा शब्द, false starts र speaker corrections जस्ताको तस्तै राख्नुहोस्।
7. व्याकरण, उच्चारण वा बोल्ने शैलीलाई 'सुधारेर' मानक नेपाली नबनाउनुहोस्।
8. अस्पष्ट वा नसुनिएको शब्द अनुमान गरेर नलेख्नुहोस्।
9. बोलेका सङ्ख्या शब्दका रूपमा लेख्नुहोस्, जस्तै एक, दुई, तीन; digits प्रयोग नगर्नुहोस्।
10. कुनै explanation, timestamp, speaker label वा अतिरिक्त text नदिनुहोस्।

Output only the transcription.",audio/593beef069.wav,/kaggle/input/datasets/panditaadarsh/oslr54-50-utt/oslr54/audio/593beef069.wav,गुम्बामा नै बस्ने,गुम्बामा नै बस्ने,गुम्बामा नै बस्ने,2.2,success,गुम्बामा नै बस्ने।,गुम्बामा नै बस्ने।,गुम्बामा नै बस्ने,11,4.337,1.9714,,,2026-08-14T13:47:43.937089+00:00,ok,0.0,0.0,3,0,0,0,3,0,17,0,0,0,17,0,3,1.0,0.0,False,False,False,False,,True
mistralai/Voxtral-Mini-3B-2507,main,3060fe34b35ba5d44202ce9ff3c097642914f8f3,1fcb17498781e52634f57ec1dabc05b37faa5ebc0edda2d0b71a2b03878e146c,039b62096708cde7517e6421cb47f6d89c1faa5ba826414de1e8bf62e3e5f24b,audio/593beef069.wav,audio/593beef069.wav,slr54,L2_i,L2,final,f1b798e1d028b45d88f956b0d5e7e10a571bda691f13a54607505a3fbf667bfa,"You are a verbatim transcription system for Nepali speech.

नेपाली अडियोमा बोलेको कुरा जस्ताको तस्तै लेख्नुहोस्।

Rules:
1. नेपाली शब्दहरू देवनागरी लिपिमा लेख्नुहोस्।
2. जे सुनिन्छ त्यही लेख्नुहोस्। अनुवाद, सारांश वा व्याख्या नगर्नुहोस्। अस्पष्ट नेपाली speech भए आफ्नो उत्तम ध्वन्यात्मक अनुमान देवनागरीमा लेख्नुहोस्।
3. English words, names, acronyms र technical terms लाई Latin script मै राख्नुहोस्; देवनागरीमा transliterate नगर्नुहोस्।
4. नेपाली-English code-switching बोलेको स्थान र क्रममै राख्नुहोस्।
5. बोलेका सङ्ख्या digits मा नलेखी शब्दका रूपमा लेख्नुहोस्।
6. fillers, repetitions, corrections र incomplete words जस्ताको तस्तै राख्नुहोस्।
7. grammar वा wording सुधार वा normalize नगर्नुहोस्।
8. explanation, timestamp, speaker label वा अतिरिक्त text नदिनुहोस्।

Output only the transcription.",audio/593beef069.wav,/kaggle/input/datasets/panditaadarsh/oslr54-50-utt/oslr54/audio/593beef069.wav,गुम्बामा नै बस्ने,गुम्बामा नै बस्ने,गुम्बामा नै बस्ने,2.2,success,गुम्बामा नै बस्ने।,गुम्बामा नै बस्ने।,गुम्बामा नै बस्ने,11,4.0945,1.8611,,,2026-08-14T13:47:48.289982+00:00,ok,0.0,0.0,3,0,0,0,3,0,17,0,0,0,17,0,3,1.0,0.0,False,False,False,False,,True
mistralai/Voxtral-Mini-3B-2507,main,3060fe34b35ba5d44202ce9ff3c097642914f8f3,1fcb17498781e52634f57ec1dabc05b37faa5ebc0edda2d0b71a2b03878e146c,039b62096708cde7517e6421cb47f6d89c1faa5ba826414de1e8bf62e3e5f24b,audio/56b7d3a707.wav,audio/56b7d3a707.wav,slr54,L2_a,L2,linguistic_paragraph,69fbc435aab89329dd9373149c58e54e0dc717e36aca3f87fd966c840d9fb4d5,"Transcribe the spoken Nepali audio verbatim in Devanagari script. Preserve any English words in Latin script and keep Nepali-English code-switching in the spoken order. Do not translate between languages. Keep fillers, repetitions, corrections, false starts, and incomplete words. Do not correct grammar or normalize the speaker's wording. Do not infer inaudible words. Do not add timestamps, speaker labels, explanations, or confidence scores. Return only the transcription.",audio/56b7d3a707.wav,/kaggle/input/datasets/panditaadarsh/oslr54-50-utt/oslr54/audio/56b7d3a707.wav,किसिमको वर्गीकरण एकअर्कामा,किसिमको वर्गीकरण एकअर्कामा,किसिमको वर्गीकरण एकअर्कामा,4.2,success,किसिमको बरगि करन एक और कमा।,किसिमको बरगि करन एक और कमा।,किसिमको बरगि करन एक और कमा,15,3.5678,0.8495,,,2026-08-14T13:47:52.403033+00:00,ok,1.6666666666666667,0.34615384615384615,1,2,0,3,3,5,18,7,1,1,26,9,6,2.0,1.0,False,False,False,False,,True
mistralai/Voxtral-Mini-3B-2507,main,3060fe34b35ba5d44202ce9ff3c097642914f8f3,1fcb17498781e52634f57ec1dabc05b37faa5ebc0edda2d0b71a2b03878e146c,039b62096708cde7517e6421cb47f6d89c1faa5ba826414de1e8bf62e3e5f24b,audio/56b7d3a707.wav,audio/56b7d3a707.wav,slr54,L2_b,L2,linguistic_rules,6fe608b8973d86f985c53419657b50e905207f4a0e0756e432c38f76d4f8630a,"You are a verbatim transcription system for Nepali speech.
Rules:
1. Write Nepali in Devanagari.
2. Write English words in Latin script.
3. Preserve Nepali-English code-switching in the spoken order.
4. Do not translate.
5. Keep fillers, repetitions, corrections, false starts, and incomplete words.
6. Do not correct grammar or normalize wording.
7. Do not guess inaudible words.
8. Add no timestamps, speaker labels, explanations, or confidence scores.
9. Output only the transcription.
10. Write spoken numbers as Nepali words, not digits.",audio/56b7d3a707.wav,/kaggle/input/datasets/panditaadarsh/oslr54-50-utt/oslr54/audio/56b7d3a707.wav,किसिमको वर्गीकरण एकअर्कामा,किसिमको वर्गीकरण एकअर्कामा,किसिमको वर्गीकरण एकअर्कामा,4.2,success,किसिमको बरगि करन एक और कमा।,किसिमको बरगि करन एक और कमा।,किसिमको बरगि करन एक और कमा,15,3.583,0.8531,,,2026-08-14T13:47:55.988520+00:00,ok,1.6666666666666667,0.34615384615384615,1,2,0,3,3,5,18,7,1,1,26,9,6,2.0,1.0,False,False,False,False,,True
mistralai/Voxtral-Mini-3B-2507,main,3060fe34b35ba5d44202ce9ff3c097642914f8f3,1fcb17498781e52634f57ec1dabc05b37faa5ebc0edda2d0b71a2b03878e146c,039b62096708cde7517e6421cb47f6d89c1faa5ba826414de1e8bf62e3e5f24b,audio/56b7d3a707.wav,audio/56b7d3a707.wav,slr54,L2_d,L2,linguistic_nepali,e9f3e0193e8c25070a1966ea8419717e1da498cbc875300ff3da7a397a41e92c,"You are a verbatim transcription system for Nepali speech.

नेपाली अडियोमा बोलेको कुरा जस्ताको तस्तै लेख्नुहोस्।

Rules:
1. नेपाली शब्दहरू देवनागरी लिपिमा लेख्नुहोस्।
2. सुनिएको शब्दलाई अनुवाद वा अर्थ परिवर्तन नगरी जस्ताको तस्तै लेख्नुहोस्।
3. English words spoken in the audio must remain in Latin script.
4. नेपाली र English मिसिएको भए बोलेको क्रममै code-switching सुरक्षित राख्नुहोस्।
5. अँ, अहँ, उम्, ए, हैन जस्ता सुनिएका fillers र discourse words नहटाउनुहोस्।
6. दोहोरिएका शब्द, अधुरा शब्द, false starts र speaker corrections जस्ताको तस्तै राख्नुहोस्।
7. व्याकरण, उच्चारण वा बोल्ने शैलीलाई 'सुधारेर' मानक नेपाली नबनाउनुहोस्।
8. अस्पष्ट वा नसुनिएको शब्द अनुमान गरेर नलेख्नुहोस्।
9. बोलेका सङ्ख्या शब्दका रूपमा लेख्नुहोस्, जस्तै एक, दुई, तीन; digits प्रयोग नगर्नुहोस्।
10. कुनै explanation, timestamp, speaker label वा अतिरिक्त text नदिनुहोस्।

Output only the transcription.",audio/56b7d3a707.wav,/kaggle/input/datasets/panditaadarsh/oslr54-50-utt/oslr54/audio/56b7d3a707.wav,किसिमको वर्गीकरण एकअर्कामा,किसिमको वर्गीकरण एकअर्कामा,किसिमको वर्गीकरण एकअर्कामा,4.2,success,किसिमको बरगि करेन एक और कमा।,किसिमको बरगि करेन एक और कमा।,किसिमको बरगि करेन एक और कमा,15,4.4494,1.0594,,,2026-08-14T13:47:59.586943+00:00,ok,1.6666666666666667,0.38461538461538464,1,2,0,3,3,5,18,7,1,2,26,10,6,2.0,1.0,False,False,False,False,,True
mistralai/Voxtral-Mini-3B-2507,main,3060fe34b35ba5d44202ce9ff3c097642914f8f3,1fcb17498781e52634f57ec1dabc05b37faa5ebc0edda2d0b71a2b03878e146c,039b62096708cde7517e6421cb47f6d89c1faa5ba826414de1e8bf62e3e5f24b,audio/56b7d3a707.wav,audio/56b7d3a707.wav,slr54,L2_i,L2,final,f1b798e1d028b45d88f956b0d5e7e10a571bda691f13a54607505a3fbf667bfa,"You are a verbatim transcription system for Nepali speech.

नेपाली अडियोमा बोलेको कुरा जस्ताको तस्तै लेख्नुहोस्।

Rules:
1. नेपाली शब्दहरू देवनागरी लिपिमा लेख्नुहोस्।
2. जे सुनिन्छ त्यही लेख्नुहोस्। अनुवाद, सारांश वा व्याख्या नगर्नुहोस्। अस्पष्ट नेपाली speech भए आफ्नो उत्तम ध्वन्यात्मक अनुमान देवनागरीमा लेख्नुहोस्।
3. English words, names, acronyms र technical terms लाई Latin script मै राख्नुहोस्; देवनागरीमा transliterate नगर्नुहोस्।
4. नेपाली-English code-switching बोलेको स्थान र क्रममै राख्नुहोस्।
5. बोलेका सङ्ख्या digits मा नलेखी शब्दका रूपमा लेख्नुहोस्।
6. fillers, repetitions, corrections र incomplete words जस्ताको तस्तै राख्नुहोस्।
7. grammar वा wording सुधार वा normalize नगर्नुहोस्।
8. explanation, timestamp, speaker label वा अतिरिक्त text नदिनुहोस्।

Output only the transcription.",audio/56b7d3a707.wav,/kaggle/input/datasets/panditaadarsh/oslr54-50-utt/oslr54/audio/56b7d3a707.wav,किसिमको वर्गीकरण एकअर्कामा,किसिमको वर्गीकरण एकअर्कामा,किसिमको वर्गीकरण एकअर्कामा,4.2,success,किसिमको बरगि करन एक और कमा।,किसिमको बरगि करन एक और कमा।,किसिमको बरगि करन एक और कमा,15,4.2581,1.0138,,,2026-08-14T13:48:04.052606+00:00,ok,1.6666666666666667,0.34615384615384615,1,2,0,3,3,5,18,7,1,1,26,9,6,2.0,1.0,False,False,False,False,,True
mistralai/Voxtral-Mini-3B-2507,main,3060fe34b35ba5d44202ce9ff3c097642914f8f3,1fcb17498781e52634f57ec1dabc05b37faa5ebc0edda2d0b71a2b03878e146c,039b62096708cde7517e6421cb47f6d89c1faa5ba826414de1e8bf62e3e5f24b,audio/58f0148cb2.wav,audio/58f0148cb2.wav,slr54,L2_a,L2,linguistic_paragraph,69fbc435aab89329dd9373149c58e54e0dc717e36aca3f87fd966c840d9fb4d5,"Transcribe the spoken Nepali audio verbatim in Devanagari script. Preserve any English words in Latin script and keep Nepali-English code-switching in the spoken order. Do not translate between languages. Keep fillers, repetitions, corrections, false starts, and incomplete words. Do not correct grammar or normalize the speaker's wording. Do not infer inaudible words. Do not add timestamps, speaker labels, explanations, or confidence scores. Return only the transcription.",audio/58f0148cb2.wav,/kaggle/input/datasets/panditaadarsh/oslr54-50-utt/oslr54/audio/58f0148cb2.wav,हासिल गरेको छ,हासिल गरेको छ,हासिल गरेको छ,3.3,success,हासिल गरिएको छ।,हासिल गरिएको छ।,हासिल गरिएको छ,9,3.2781,0.9934,,,2026-08-14T13:48:08.330548+00:00,ok,0.3333333333333333,0.15384615384615385,2,1,0,0,3,1,12,1,0,1,13,2,3,1.0,0.0,False,False,False,False,,True
mistralai/Voxtral-Mini-3B-2507,main,3060fe34b35ba5d44202ce9ff3c097642914f8f3,1fcb17498781e52634f57ec1dabc05b37faa5ebc0edda2d0b71a2b03878e146c,039b62096708cde7517e6421cb47f6d89c1faa5ba826414de1e8bf62e3e5f24b,audio/58f0148cb2.wav,audio/58f0148cb2.wav,slr54,L2_b,L2,linguistic_rules,6fe608b8973d86f985c53419657b50e905207f4a0e0756e432c38f76d4f8630a,"You are a verbatim transcription system for Nepali speech.
Rules:
1. Write Nepali in Devanagari.
2. Write English words in Latin script.
3. Preserve Nepali-English code-switching in the spoken order.
4. Do not translate.
5. Keep fillers, repetitions, corrections, false starts, and incomplete words.
6. Do not correct grammar or normalize wording.
7. Do not guess inaudible words.
8. Add no timestamps, speaker labels, explanations, or confidence scores.
9. Output only the transcription.
10. Write spoken numbers as Nepali words, not digits.",audio/58f0148cb2.wav,/kaggle/input/datasets/panditaadarsh/oslr54-50-utt/oslr54/audio/58f0148cb2.wav,हासिल गरेको छ,हासिल गरेको छ,हासिल गरेको छ,3.3,success,हासिल गरिएको छ।,हासिल गरिएको छ।,हासिल गरिएको छ,9,3.2926,0.9978,,,2026-08-14T13:48:11.629202+00:00,ok,0.3333333333333333,0.15384615384615385,2,1,0,0,3,1,12,1,0,1,13,2,3,1.0,0.0,False,False,False,False,,True
mistralai/Voxtral-Mini-3B-2507,main,3060fe34b35ba5d44202ce9ff3c097642914f8f3,1fcb17498781e52634f57ec1dabc05b37faa5ebc0edda2d0b71a2b03878e146c,039b62096708cde7517e6421cb47f6d89c1faa5ba826414de1e8bf62e3e5f24b,audio/58f0148cb2.wav,audio/58f0148cb2.wav,slr54,L2_d,L2,linguistic_nepali,e9f3e0193e8c25070a1966ea8419717e1da498cbc875300ff3da7a397a41e92c,"You are a verbatim transcription system for Nepali speech.

नेपाली अडियोमा बोलेको कुरा जस्ताको तस्तै लेख्नुहोस्।

Rules:
1. नेपाली शब्दहरू देवनागरी लिपिमा लेख्नुहोस्।
2. सुनिएको शब्दलाई अनुवाद वा अर्थ परिवर्तन नगरी जस्ताको तस्तै लेख्नुहोस्।
3. English words spoken in the audio must remain in Latin script.
4. नेपाली र English मिसिएको भए बोलेको क्रममै code-switching सुरक्षित राख्नुहोस्।
5. अँ, अहँ, उम्, ए, हैन जस्ता सुनिएका fillers र discourse words नहटाउनुहोस्।
6. दोहोरिएका शब्द, अधुरा शब्द, false starts र speaker corrections जस्ताको तस्तै राख्नुहोस्।
7. व्याकरण, उच्चारण वा बोल्ने शैलीलाई 'सुधारेर' मानक नेपाली नबनाउनुहोस्।
8. अस्पष्ट वा नसुनिएको शब्द अनुमान गरेर नलेख्नुहोस्।
9. बोलेका सङ्ख्या शब्दका रूपमा लेख्नुहोस्, जस्तै एक, दुई, तीन; digits प्रयोग नगर्नुहोस्।
10. कुनै explanation, timestamp, speaker label वा अतिरिक्त text नदिनुहोस्।

Output only the transcription.",audio/58f0148cb2.wav,/kaggle/input/datasets/panditaadarsh/oslr54-50-utt/oslr54/audio/58f0148cb2.wav,हासिल गरेको छ,हासिल गरेको छ,हासिल गरेको छ,3.3,success,हालै,हालै,हालै,4,3.9776,1.2053,,,2026-08-14T13:48:14.936926+00:00,ok,1.0,0.7692307692307693,0,1,2,0,3,3,3,1,9,0,13,10,1,0.3333,0.0,False,False,False,False,,True
mistralai/Voxtral-Mini-3B-2507,main,3060fe34b35ba5d44202ce9ff3c097642914f8f3,1fcb17498781e52634f57ec1dabc05b37faa5ebc0edda2d0b71a2b03878e146c,039b62096708cde7517e6421cb47f6d89c1faa5ba826414de1e8bf62e3e5f24b,audio/58f0148cb2.wav,audio/58f0148cb2.wav,slr54,L2_i,L2,final,f1b798e1d028b45d88f956b0d5e7e10a571bda691f13a54607505a3fbf667bfa,"You are a verbatim transcription system for Nepali speech.

नेपाली अडियोमा बोलेको कुरा जस्ताको तस्तै लेख्नुहोस्।

Rules:
1. नेपाली शब्दहरू देवनागरी लिपिमा लेख्नुहोस्।
2. जे सुनिन्छ त्यही लेख्नुहोस्। अनुवाद, सारांश वा व्याख्या नगर्नुहोस्। अस्पष्ट नेपाली speech भए आफ्नो उत्तम ध्वन्यात्मक अनुमान देवनागरीमा लेख्नुहोस्।
3. English words, names, acronyms र technical terms लाई Latin script मै राख्नुहोस्; देवनागरीमा transliterate नगर्नुहोस्।
4. नेपाली-English code-switching बोलेको स्थान र क्रममै राख्नुहोस्।
5. बोलेका सङ्ख्या digits मा नलेखी शब्दका रूपमा लेख्नुहोस्।
6. fillers, repetitions, corrections र incomplete words जस्ताको तस्तै राख्नुहोस्।
7. grammar वा wording सुधार वा normalize नगर्नुहोस्।
8. explanation, timestamp, speaker label वा अतिरिक्त text नदिनुहोस्।

Output only the transcription.",audio/58f0148cb2.wav,/kaggle/input/datasets/panditaadarsh/oslr54-50-utt/oslr54/audio/58f0148cb2.wav,हासिल गरेको छ,हासिल गरेको छ,हासिल गरेको छ,3.3,success,"हाँ, हाँ, हाँ, हाँ, हाँ, हाँ, हाँ, हाँ, हाँ, हाँ, हाँ, हाँ, हाँ, हाँ, हाँ, हाँ, हाँ, हाँ, हाँ, हाँ, हाँ, हाँ, हाँ, हाँ, हाँ, हाँ, हाँ, हाँ, हाँ, हाँ, हाँ, हाँ, हाँ, हाँ, हाँ, हाँ, हाँ, हाँ, हाँ, हाँ, हाँ, हाँ, हाँ, हाँ, हाँ, हाँ, हाँ, हाँ, हाँ, हाँ, हाँ, हाँ, हाँ, हाँ, हाँ, हाँ, हाँ, हाँ, हाँ, हाँ, हाँ, हाँ, हाँ, हाँ, हाँ, हाँ, हाँ, हाँ, हाँ, हाँ, हाँ, हाँ, हाँ, हाँ, हाँ, हाँ, हाँ, हाँ, हाँ, हाँ, हाँ, हाँ, हाँ, हाँ, हाँ, ह","हाँ, हाँ, हाँ, हाँ, हाँ, हाँ, हाँ, हाँ, हाँ, हाँ, हाँ, हाँ, हाँ, हाँ, हाँ, हाँ, हाँ, हाँ, हाँ, हाँ, हाँ, हाँ, हाँ, हाँ, हाँ, हाँ, हाँ, हाँ, हाँ, हाँ, हाँ, हाँ, हाँ, हाँ, हाँ, हाँ, हाँ, हाँ, हाँ, हाँ, हाँ, हाँ, हाँ, हाँ, हाँ, हाँ, हाँ, हाँ, हाँ, हाँ, हाँ, हाँ, हाँ, हाँ, हाँ, हाँ, हाँ, हाँ, हाँ, हाँ, हाँ, हाँ, हाँ, हाँ, हाँ, हाँ, हाँ, हाँ, हाँ, हाँ, हाँ, हाँ, हाँ, हाँ, हाँ, हाँ, हाँ, हाँ, हाँ, हाँ, हाँ, हाँ, हाँ, हाँ, हाँ, ह",हाँ हाँ हाँ हाँ हाँ हाँ हाँ हाँ हाँ हाँ हाँ हाँ हाँ हाँ हाँ हाँ हाँ हाँ हाँ हाँ हाँ हाँ हाँ हाँ हाँ हाँ हाँ हाँ हाँ हाँ हाँ हाँ हाँ हाँ हाँ हाँ हाँ हाँ हाँ हाँ हाँ हाँ हाँ हाँ हाँ हाँ हाँ हाँ हाँ हाँ हाँ हाँ हाँ हाँ हाँ हाँ हाँ हाँ हाँ हाँ हाँ हाँ हाँ हाँ हाँ हाँ हाँ हाँ हाँ हाँ हाँ हाँ हाँ हाँ हाँ हाँ हाँ हाँ हाँ हाँ हाँ हाँ हाँ हाँ हाँ ह,256,16.4756,4.9926,,,2026-08-14T13:48:18.930291+00:00,ok,28.666666666666668,25.923076923076923,0,3,0,83,3,86,4,9,0,328,13,337,86,28.6667,27.6667,False,False,True,True,length_ratio>2.5|insertion_rate>1.0|repetition,True
mistralai/Voxtral-Mini-3B-2507,main,3060fe34b35ba5d44202ce9ff3c097642914f8f3,1fcb17498781e52634f57ec1dabc05b37faa5ebc0edda2d0b71a2b03878e146c,039b62096708cde7517e6421cb47f6d89c1faa5ba826414de1e8bf62e3e5f24b,audio/58ecd4ddf3.wav,audio/58ecd4ddf3.wav,slr54,L2_a,L2,linguistic_paragraph,69fbc435aab89329dd9373149c58e54e0dc717e36aca3f87fd966c840d9fb4d5,"Transcribe the spoken Nepali audio verbatim in Devanagari script. Preserve any English words in Latin script and keep Nepali-English code-switching in the spoken order. Do not translate between languages. Keep fillers, repetitions, corrections, false starts, and incomplete words. Do not correct grammar or normalize the speaker's wording. Do not infer inaudible words. Do not add timestamps, speaker labels, explanations, or confidence scores. Return only the transcription.",audio/58ecd4ddf3.wav,/kaggle/input/datasets/panditaadarsh/oslr54-50-utt/oslr54/audio/58ecd4ddf3.wav,कर्म अनुरूप,कर्म अनुरूप,कर्म अनुरूप,3.1,success,कर्मो अनरुप,कर्मो अनरुप,कर्मो अनरुप,7,3.2313,1.0424,,,2026-08-14T13:48:35.421550+00:00,ok,1.0,0.2727272727272727,0,2,0,0,2,2,9,1,1,1,11,3,2,1.0,0.0,False,False,False,False,,True
mistralai/Voxtral-Mini-3B-2507,main,3060fe34b35ba5d44202ce9ff3c097642914f8f3,1fcb17498781e52634f57ec1dabc05b37faa5ebc0edda2d0b71a2b03878e146c,039b62096708cde7517e6421cb47f6d89c1faa5ba826414de1e8bf62e3e5f24b,audio/58ecd4ddf3.wav,audio/58ecd4ddf3.wav,slr54,L2_b,L2,linguistic_rules,6fe608b8973d86f985c53419657b50e905207f4a0e0756e432c38f76d4f8630a,"You are a verbatim transcription system for Nepali speech.
Rules:
1. Write Nepali in Devanagari.
2. Write English words in Latin script.
3. Preserve Nepali-English code-switching in the spoken order.
4. Do not translate.
5. Keep fillers, repetitions, corrections, false starts, and incomplete words.
6. Do not correct grammar or normalize wording.
7. Do not guess inaudible words.
8. Add no timestamps, speaker labels, explanations, or confidence scores.
9. Output only the transcription.
10. Write spoken numbers as Nepali words, not digits.",audio/58ecd4ddf3.wav,/kaggle/input/datasets/panditaadarsh/oslr54-50-utt/oslr54/audio/58ecd4ddf3.wav,कर्म अनुरूप,कर्म अनुरूप,कर्म अनुरूप,3.1,success,कर्मो अनरोप,कर्मो अनरोप,कर्मो अनरोप,7,3.2539,1.0497,,,2026-08-14T13:48:38.667956+00:00,ok,1.0,0.2727272727272727,0,2,0,0,2,2,9,1,1,1,11,3,2,1.0,0.0,False,False,False,False,,True
mistralai/Voxtral-Mini-3B-2507,main,3060fe34b35ba5d44202ce9ff3c097642914f8f3,1fcb17498781e52634f57ec1dabc05b37faa5ebc0edda2d0b71a2b03878e146c,039b62096708cde7517e6421cb47f6d89c1faa5ba826414de1e8bf62e3e5f24b,audio/58ecd4ddf3.wav,audio/58ecd4ddf3.wav,slr54,L2_d,L2,linguistic_nepali,e9f3e0193e8c25070a1966ea8419717e1da498cbc875300ff3da7a397a41e92c,"You are a verbatim transcription system for Nepali speech.

नेपाली अडियोमा बोलेको कुरा जस्ताको तस्तै लेख्नुहोस्।

Rules:
1. नेपाली शब्दहरू देवनागरी लिपिमा लेख्नुहोस्।
2. सुनिएको शब्दलाई अनुवाद वा अर्थ परिवर्तन नगरी जस्ताको तस्तै लेख्नुहोस्।
3. English words spoken in the audio must remain in Latin script.
4. नेपाली र English मिसिएको भए बोलेको क्रममै code-switching सुरक्षित राख्नुहोस्।
5. अँ, अहँ, उम्, ए, हैन जस्ता सुनिएका fillers र discourse words नहटाउनुहोस्।
6. दोहोरिएका शब्द, अधुरा शब्द, false starts र speaker corrections जस्ताको तस्तै राख्नुहोस्।
7. व्याकरण, उच्चारण वा बोल्ने शैलीलाई 'सुधारेर' मानक नेपाली नबनाउनुहोस्।
8. अस्पष्ट वा नसुनिएको शब्द अनुमान गरेर नलेख्नुहोस्।
9. बोलेका सङ्ख्या शब्दका रूपमा लेख्नुहोस्, जस्तै एक, दुई, तीन; digits प्रयोग नगर्नुहोस्।
10. कुनै explanation, timestamp, speaker label वा अतिरिक्त text नदिनुहोस्।

Output only the transcription.",audio/58ecd4ddf3.wav,/kaggle/input/datasets/panditaadarsh/oslr54-50-utt/oslr54/audio/58ecd4ddf3.wav,कर्म अनुरूप,कर्म अनुरूप,कर्म अनुरूप,3.1,success,कर्मो अनरोप।,कर्मो अनरोप।,कर्मो अनरोप,8,4.183,1.3494,,,2026-08-14T13:48:41.937602+00:00,ok,1.0,0.2727272727272727,0,2,0,0,2,2,9,1,1,1,11,3,2,1.0,0.0,False,False,False,False,,True
mistralai/Voxtral-Mini-3B-2507,main,3060fe34b35ba5d44202ce9ff3c097642914f8f3,1fcb17498781e52634f57ec1dabc05b37faa5ebc0edda2d0b71a2b03878e146c,039b62096708cde7517e6421cb47f6d89c1faa5ba826414de1e8bf62e3e5f24b,audio/58ecd4ddf3.wav,audio/58ecd4ddf3.wav,slr54,L2_i,L2,final,f1b798e1d028b45d88f956b0d5e7e10a571bda691f13a54607505a3fbf667bfa,"You are a verbatim transcription system for Nepali speech.

नेपाली अडियोमा बोलेको कुरा जस्ताको तस्तै लेख्नुहोस्।

Rules:
1. नेपाली शब्दहरू देवनागरी लिपिमा लेख्नुहोस्।
2. जे सुनिन्छ त्यही लेख्नुहोस्। अनुवाद, सारांश वा व्याख्या नगर्नुहोस्। अस्पष्ट नेपाली speech भए आफ्नो उत्तम ध्वन्यात्मक अनुमान देवनागरीमा लेख्नुहोस्।
3. English words, names, acronyms र technical terms लाई Latin script मै राख्नुहोस्; देवनागरीमा transliterate नगर्नुहोस्।
4. नेपाली-English code-switching बोलेको स्थान र क्रममै राख्नुहोस्।
5. बोलेका सङ्ख्या digits मा नलेखी शब्दका रूपमा लेख्नुहोस्।
6. fillers, repetitions, corrections र incomplete words जस्ताको तस्तै राख्नुहोस्।
7. grammar वा wording सुधार वा normalize नगर्नुहोस्।
8. explanation, timestamp, speaker label वा अतिरिक्त text नदिनुहोस्।

Output only the transcription.",audio/58ecd4ddf3.wav,/kaggle/input/datasets/panditaadarsh/oslr54-50-utt/oslr54/audio/58ecd4ddf3.wav,कर्म अनुरूप,कर्म अनुरूप,कर्म अनुरूप,3.1,success,कर्मो अनरोप।,कर्मो अनरोप।,कर्मो अनरोप,8,3.9627,1.2783,,,2026-08-14T13:48:46.136387+00:00,ok,1.0,0.2727272727272727,0,2,0,0,2,2,9,1,1,1,11,3,2,1.0,0.0,False,False,False,False,,True
mistralai/Voxtral-Mini-3B-2507,main,3060fe34b35ba5d44202ce9ff3c097642914f8f3,1fcb17498781e52634f57ec1dabc05b37faa5ebc0edda2d0b71a2b03878e146c,039b62096708cde7517e6421cb47f6d89c1faa5ba826414de1e8bf62e3e5f24b,audio/579fa857a2.wav,audio/579fa857a2.wav,slr54,L2_a,L2,linguistic_paragraph,69fbc435aab89329dd9373149c58e54e0dc717e36aca3f87fd966c840d9fb4d5,"Transcribe the spoken Nepali audio verbatim in Devanagari script. Preserve any English words in Latin script and keep Nepali-English code-switching in the spoken order. Do not translate between languages. Keep fillers, repetitions, corrections, false starts, and incomplete words. Do not correct grammar or normalize the speaker's wording. Do not infer inaudible words. Do not add timestamps, speaker labels, explanations, or confidence scores. Return only the transcription.",audio/579fa857a2.wav,/kaggle/input/datasets/panditaadarsh/oslr54-50-utt/oslr54/audio/579fa857a2.wav,यो नाचमा साताभर,यो नाचमा साताभर,यो नाचमा साताभर,4.8,success,यो नाचमा साथा भएर।,यो नाचमा साथा भएर।,यो नाचमा साथा भएर,12,3.4512,0.719,,,2026-08-14T13:48:50.115808+00:00,ok,0.6666666666666666,0.2,2,1,0,1,3,2,14,1,0,2,15,3,4,1.3333,0.3333,False,False,False,False,,True
mistralai/Voxtral-Mini-3B-2507,main,3060fe34b35ba5d44202ce9ff3c097642914f8f3,1fcb17498781e52634f57ec1dabc05b37faa5ebc0edda2d0b71a2b03878e146c,039b62096708cde7517e6421cb47f6d89c1faa5ba826414de1e8bf62e3e5f24b,audio/579fa857a2.wav,audio/579fa857a2.wav,slr54,L2_b,L2,linguistic_rules,6fe608b8973d86f985c53419657b50e905207f4a0e0756e432c38f76d4f8630a,"You are a verbatim transcription system for Nepali speech.
Rules:
1. Write Nepali in Devanagari.
2. Write English words in Latin script.
3. Preserve Nepali-English code-switching in the spoken order.
4. Do not translate.
5. Keep fillers, repetitions, corrections, false starts, and incomplete words.
6. Do not correct grammar or normalize wording.
7. Do not guess inaudible words.
8. Add no timestamps, speaker labels, explanations, or confidence scores.
9. Output only the transcription.
10. Write spoken numbers as Nepali words, not digits.",audio/579fa857a2.wav,/kaggle/input/datasets/panditaadarsh/oslr54-50-utt/oslr54/audio/579fa857a2.wav,यो नाचमा साताभर,यो नाचमा साताभर,यो नाचमा साताभर,4.8,success,यो नाचमा साथा भएर।,यो नाचमा साथा भएर।,यो नाचमा साथा भएर,12,3.4739,0.7237,,,2026-08-14T13:48:53.583520+00:00,ok,0.6666666666666666,0.2,2,1,0,1,3,2,14,1,0,2,15,3,4,1.3333,0.3333,False,False,False,False,,True
mistralai/Voxtral-Mini-3B-2507,main,3060fe34b35ba5d44202ce9ff3c097642914f8f3,1fcb17498781e52634f57ec1dabc05b37faa5ebc0edda2d0b71a2b03878e146c,039b62096708cde7517e6421cb47f6d89c1faa5ba826414de1e8bf62e3e5f24b,audio/579fa857a2.wav,audio/579fa857a2.wav,slr54,L2_d,L2,linguistic_nepali,e9f3e0193e8c25070a1966ea8419717e1da498cbc875300ff3da7a397a41e92c,"You are a verbatim transcription system for Nepali speech.

नेपाली अडियोमा बोलेको कुरा जस्ताको तस्तै लेख्नुहोस्।

Rules:
1. नेपाली शब्दहरू देवनागरी लिपिमा लेख्नुहोस्।
2. सुनिएको शब्दलाई अनुवाद वा अर्थ परिवर्तन नगरी जस्ताको तस्तै लेख्नुहोस्।
3. English words spoken in the audio must remain in Latin script.
4. नेपाली र English मिसिएको भए बोलेको क्रममै code-switching सुरक्षित राख्नुहोस्।
5. अँ, अहँ, उम्, ए, हैन जस्ता सुनिएका fillers र discourse words नहटाउनुहोस्।
6. दोहोरिएका शब्द, अधुरा शब्द, false starts र speaker corrections जस्ताको तस्तै राख्नुहोस्।
7. व्याकरण, उच्चारण वा बोल्ने शैलीलाई 'सुधारेर' मानक नेपाली नबनाउनुहोस्।
8. अस्पष्ट वा नसुनिएको शब्द अनुमान गरेर नलेख्नुहोस्।
9. बोलेका सङ्ख्या शब्दका रूपमा लेख्नुहोस्, जस्तै एक, दुई, तीन; digits प्रयोग नगर्नुहोस्।
10. कुनै explanation, timestamp, speaker label वा अतिरिक्त text नदिनुहोस्।

Output only the transcription.",audio/579fa857a2.wav,/kaggle/input/datasets/panditaadarsh/oslr54-50-utt/oslr54/audio/579fa857a2.wav,यो नाचमा साताभर,यो नाचमा साताभर,यो नाचमा साताभर,4.8,success,यो नाचमा साथा भर्ख,यो नाचमा साथा भर्ख,यो नाचमा साथा भर्ख,11,4.3159,0.8991,,,2026-08-14T13:48:57.075255+00:00,ok,0.6666666666666666,0.26666666666666666,2,1,0,1,3,2,14,1,0,3,15,4,4,1.3333,0.3333,False,False,False,False,,True
mistralai/Voxtral-Mini-3B-2507,main,3060fe34b35ba5d44202ce9ff3c097642914f8f3,1fcb17498781e52634f57ec1dabc05b37faa5ebc0edda2d0b71a2b03878e146c,039b62096708cde7517e6421cb47f6d89c1faa5ba826414de1e8bf62e3e5f24b,audio/579fa857a2.wav,audio/579fa857a2.wav,slr54,L2_i,L2,final,f1b798e1d028b45d88f956b0d5e7e10a571bda691f13a54607505a3fbf667bfa,"You are a verbatim transcription system for Nepali speech.

नेपाली अडियोमा बोलेको कुरा जस्ताको तस्तै लेख्नुहोस्।

Rules:
1. नेपाली शब्दहरू देवनागरी लिपिमा लेख्नुहोस्।
2. जे सुनिन्छ त्यही लेख्नुहोस्। अनुवाद, सारांश वा व्याख्या नगर्नुहोस्। अस्पष्ट नेपाली speech भए आफ्नो उत्तम ध्वन्यात्मक अनुमान देवनागरीमा लेख्नुहोस्।
3. English words, names, acronyms र technical terms लाई Latin script मै राख्नुहोस्; देवनागरीमा transliterate नगर्नुहोस्।
4. नेपाली-English code-switching बोलेको स्थान र क्रममै राख्नुहोस्।
5. बोलेका सङ्ख्या digits मा नलेखी शब्दका रूपमा लेख्नुहोस्।
6. fillers, repetitions, corrections र incomplete words जस्ताको तस्तै राख्नुहोस्।
7. grammar वा wording सुधार वा normalize नगर्नुहोस्।
8. explanation, timestamp, speaker label वा अतिरिक्त text नदिनुहोस्।

Output only the transcription.",audio/579fa857a2.wav,/kaggle/input/datasets/panditaadarsh/oslr54-50-utt/oslr54/audio/579fa857a2.wav,यो नाचमा साताभर,यो नाचमा साताभर,यो नाचमा साताभर,4.8,success,यो नाचमा साथा भर्ख,यो नाचमा साथा भर्ख,यो नाचमा साथा भर्ख,11,4.0774,0.8495,,,2026-08-14T13:49:01.407890+00:00,ok,0.6666666666666666,0.26666666666666666,2,1,0,1,3,2,14,1,0,3,15,4,4,1.3333,0.3333,False,False,False,False,,True
mistralai/Voxtral-Mini-3B-2507,main,3060fe34b35ba5d44202ce9ff3c097642914f8f3,1fcb17498781e52634f57ec1dabc05b37faa5ebc0edda2d0b71a2b03878e146c,039b62096708cde7517e6421cb47f6d89c1faa5ba826414de1e8bf62e3e5f24b,audio/5e257300f3.wav,audio/5e257300f3.wav,slr54,L2_a,L2,linguistic_paragraph,69fbc435aab89329dd9373149c58e54e0dc717e36aca3f87fd966c840d9fb4d5,"Transcribe the spoken Nepali audio verbatim in Devanagari script. Preserve any English words in Latin script and keep Nepali-English code-switching in the spoken order. Do not translate between languages. Keep fillers, repetitions, corrections, false starts, and incomplete words. Do not correct grammar or normalize the speaker's wording. Do not infer inaudible words. Do not add timestamps, speaker labels, explanations, or confidence scores. Return only the transcription.",audio/5e257300f3.wav,/kaggle/input/datasets/panditaadarsh/oslr54-50-utt/oslr54/audio/5e257300f3.wav,आदि कार्यमा उक्त,आदि कार्यमा उक्त,आदि कार्यमा उक्त,3.9,success,अदीकार्यमा उक्त,अदीकार्यमा उक्त,अदीकार्यमा उक्त,8,3.2664,0.8375,,,2026-08-14T13:49:05.501724+00:00,ok,0.6666666666666666,0.1875,1,1,1,0,3,2,13,2,1,0,16,3,2,0.6667,0.0,False,False,False,False,,True
mistralai/Voxtral-Mini-3B-2507,main,3060fe34b35ba5d44202ce9ff3c097642914f8f3,1fcb17498781e52634f57ec1dabc05b37faa5ebc0edda2d0b71a2b03878e146c,039b62096708cde7517e6421cb47f6d89c1faa5ba826414de1e8bf62e3e5f24b,audio/5e257300f3.wav,audio/5e257300f3.wav,slr54,L2_b,L2,linguistic_rules,6fe608b8973d86f985c53419657b50e905207f4a0e0756e432c38f76d4f8630a,"You are a verbatim transcription system for Nepali speech.
Rules:
1. Write Nepali in Devanagari.
2. Write English words in Latin script.
3. Preserve Nepali-English code-switching in the spoken order.
4. Do not translate.
5. Keep fillers, repetitions, corrections, false starts, and incomplete words.
6. Do not correct grammar or normalize wording.
7. Do not guess inaudible words.
8. Add no timestamps, speaker labels, explanations, or confidence scores.
9. Output only the transcription.
10. Write spoken numbers as Nepali words, not digits.",audio/5e257300f3.wav,/kaggle/input/datasets/panditaadarsh/oslr54-50-utt/oslr54/audio/5e257300f3.wav,आदि कार्यमा उक्त,आदि कार्यमा उक्त,आदि कार्यमा उक्त,3.9,success,अदिकारीमा उक्त,अदिकारीमा उक्त,अदिकारीमा उक्त,8,3.3049,0.8474,,,2026-08-14T13:49:08.786444+00:00,ok,0.6666666666666666,0.25,1,1,1,0,3,2,12,2,2,0,16,4,2,0.6667,0.0,False,False,False,False,,True
mistralai/Voxtral-Mini-3B-2507,main,3060fe34b35ba5d44202ce9ff3c097642914f8f3,1fcb17498781e52634f57ec1dabc05b37faa5ebc0edda2d0b71a2b03878e146c,039b62096708cde7517e6421cb47f6d89c1faa5ba826414de1e8bf62e3e5f24b,audio/5e257300f3.wav,audio/5e257300f3.wav,slr54,L2_d,L2,linguistic_nepali,e9f3e0193e8c25070a1966ea8419717e1da498cbc875300ff3da7a397a41e92c,"You are a verbatim transcription system for Nepali speech.

नेपाली अडियोमा बोलेको कुरा जस्ताको तस्तै लेख्नुहोस्।

Rules:
1. नेपाली शब्दहरू देवनागरी लिपिमा लेख्नुहोस्।
2. सुनिएको शब्दलाई अनुवाद वा अर्थ परिवर्तन नगरी जस्ताको तस्तै लेख्नुहोस्।
3. English words spoken in the audio must remain in Latin script.
4. नेपाली र English मिसिएको भए बोलेको क्रममै code-switching सुरक्षित राख्नुहोस्।
5. अँ, अहँ, उम्, ए, हैन जस्ता सुनिएका fillers र discourse words नहटाउनुहोस्।
6. दोहोरिएका शब्द, अधुरा शब्द, false starts र speaker corrections जस्ताको तस्तै राख्नुहोस्।
7. व्याकरण, उच्चारण वा बोल्ने शैलीलाई 'सुधारेर' मानक नेपाली नबनाउनुहोस्।
8. अस्पष्ट वा नसुनिएको शब्द अनुमान गरेर नलेख्नुहोस्।
9. बोलेका सङ्ख्या शब्दका रूपमा लेख्नुहोस्, जस्तै एक, दुई, तीन; digits प्रयोग नगर्नुहोस्।
10. कुनै explanation, timestamp, speaker label वा अतिरिक्त text नदिनुहोस्।

Output only the transcription.",audio/5e257300f3.wav,/kaggle/input/datasets/panditaadarsh/oslr54-50-utt/oslr54/audio/5e257300f3.wav,आदि कार्यमा उक्त,आदि कार्यमा उक्त,आदि कार्यमा उक्त,3.9,success,अदिकारीमा उक्त,अदिकारीमा उक्त,अदिकारीमा उक्त,8,4.2029,1.0777,,,2026-08-14T13:49:12.111647+00:00,ok,0.6666666666666666,0.25,1,1,1,0,3,2,12,2,2,0,16,4,2,0.6667,0.0,False,False,False,False,,True
mistralai/Voxtral-Mini-3B-2507,main,3060fe34b35ba5d44202ce9ff3c097642914f8f3,1fcb17498781e52634f57ec1dabc05b37faa5ebc0edda2d0b71a2b03878e146c,039b62096708cde7517e6421cb47f6d89c1faa5ba826414de1e8bf62e3e5f24b,audio/5e257300f3.wav,audio/5e257300f3.wav,slr54,L2_i,L2,final,f1b798e1d028b45d88f956b0d5e7e10a571bda691f13a54607505a3fbf667bfa,"You are a verbatim transcription system for Nepali speech.

नेपाली अडियोमा बोलेको कुरा जस्ताको तस्तै लेख्नुहोस्।

Rules:
1. नेपाली शब्दहरू देवनागरी लिपिमा लेख्नुहोस्।
2. जे सुनिन्छ त्यही लेख्नुहोस्। अनुवाद, सारांश वा व्याख्या नगर्नुहोस्। अस्पष्ट नेपाली speech भए आफ्नो उत्तम ध्वन्यात्मक अनुमान देवनागरीमा लेख्नुहोस्।
3. English words, names, acronyms र technical terms लाई Latin script मै राख्नुहोस्; देवनागरीमा transliterate नगर्नुहोस्।
4. नेपाली-English code-switching बोलेको स्थान र क्रममै राख्नुहोस्।
5. बोलेका सङ्ख्या digits मा नलेखी शब्दका रूपमा लेख्नुहोस्।
6. fillers, repetitions, corrections र incomplete words जस्ताको तस्तै राख्नुहोस्।
7. grammar वा wording सुधार वा normalize नगर्नुहोस्।
8. explanation, timestamp, speaker label वा अतिरिक्त text नदिनुहोस्।

Output only the transcription.",audio/5e257300f3.wav,/kaggle/input/datasets/panditaadarsh/oslr54-50-utt/oslr54/audio/5e257300f3.wav,आदि कार्यमा उक्त,आदि कार्यमा उक्त,आदि कार्यमा उक्त,3.9,success,अदिकारीमा उक्त,अदिकारीमा उक्त,अदिकारीमा उक्त,8,4.0164,1.0298,,,2026-08-14T13:49:16.330556+00:00,ok,0.6666666666666666,0.25,1,1,1,0,3,2,12,2,2,0,16,4,2,0.6667,0.0,False,False,False,False,,True
mistralai/Voxtral-Mini-3B-2507,main,3060fe34b35ba5d44202ce9ff3c097642914f8f3,1fcb17498781e52634f57ec1dabc05b37faa5ebc0edda2d0b71a2b03878e146c,039b62096708cde7517e6421cb47f6d89c1faa5ba826414de1e8bf62e3e5f24b,audio/5055ffefca.wav,audio/5055ffefca.wav,slr54,L2_a,L2,linguistic_paragraph,69fbc435aab89329dd9373149c58e54e0dc717e36aca3f87fd966c840d9fb4d5,"Transcribe the spoken Nepali audio verbatim in Devanagari script. Preserve any English words in Latin script and keep Nepali-English code-switching in the spoken order. Do not translate between languages. Keep fillers, repetitions, corrections, false starts, and incomplete words. Do not correct grammar or normalize the speaker's wording. Do not infer inaudible words. Do not add timestamps, speaker labels, explanations, or confidence scores. Return only the transcription.",audio/5055ffefca.wav,/kaggle/input/datasets/panditaadarsh/oslr54-50-utt/oslr54/audio/5055ffefca.wav,आचार्यले सङ्घबाट मात्रै,आचार्यले सङ्घबाट मात्रै,आचार्यले सङ्घबाट मात्रै,3.5,success,अचारेले संगबाट मात्र।,अचारेले संगबाट मात्र।,अचारेले संगबाट मात्र,11,3.4308,0.9802,,,2026-08-14T13:49:20.366265+00:00,ok,1.0,0.30434782608695654,0,3,0,0,3,3,16,4,3,0,23,7,3,1.0,0.0,False,False,False,False,,True
mistralai/Voxtral-Mini-3B-2507,main,3060fe34b35ba5d44202ce9ff3c097642914f8f3,1fcb17498781e52634f57ec1dabc05b37faa5ebc0edda2d0b71a2b03878e146c,039b62096708cde7517e6421cb47f6d89c1faa5ba826414de1e8bf62e3e5f24b,audio/5055ffefca.wav,audio/5055ffefca.wav,slr54,L2_b,L2,linguistic_rules,6fe608b8973d86f985c53419657b50e905207f4a0e0756e432c38f76d4f8630a,"You are a verbatim transcription system for Nepali speech.
Rules:
1. Write Nepali in Devanagari.
2. Write English words in Latin script.
3. Preserve Nepali-English code-switching in the spoken order.
4. Do not translate.
5. Keep fillers, repetitions, corrections, false starts, and incomplete words.
6. Do not correct grammar or normalize wording.
7. Do not guess inaudible words.
8. Add no timestamps, speaker labels, explanations, or confidence scores.
9. Output only the transcription.
10. Write spoken numbers as Nepali words, not digits.",audio/5055ffefca.wav,/kaggle/input/datasets/panditaadarsh/oslr54-50-utt/oslr54/audio/5055ffefca.wav,आचार्यले सङ्घबाट मात्रै,आचार्यले सङ्घबाट मात्रै,आचार्यले सङ्घबाट मात्रै,3.5,success,अचारेले संगबाट मात्र।,अचारेले संगबाट मात्र।,अचारेले संगबाट मात्र,11,3.4785,0.9938,,,2026-08-14T13:49:23.816015+00:00,ok,1.0,0.30434782608695654,0,3,0,0,3,3,16,4,3,0,23,7,3,1.0,0.0,False,False,False,False,,True
mistralai/Voxtral-Mini-3B-2507,main,3060fe34b35ba5d44202ce9ff3c097642914f8f3,1fcb17498781e52634f57ec1dabc05b37faa5ebc0edda2d0b71a2b03878e146c,039b62096708cde7517e6421cb47f6d89c1faa5ba826414de1e8bf62e3e5f24b,audio/5055ffefca.wav,audio/5055ffefca.wav,slr54,L2_d,L2,linguistic_nepali,e9f3e0193e8c25070a1966ea8419717e1da498cbc875300ff3da7a397a41e92c,"You are a verbatim transcription system for Nepali speech.

नेपाली अडियोमा बोलेको कुरा जस्ताको तस्तै लेख्नुहोस्।

Rules:
1. नेपाली शब्दहरू देवनागरी लिपिमा लेख्नुहोस्।
2. सुनिएको शब्दलाई अनुवाद वा अर्थ परिवर्तन नगरी जस्ताको तस्तै लेख्नुहोस्।
3. English words spoken in the audio must remain in Latin script.
4. नेपाली र English मिसिएको भए बोलेको क्रममै code-switching सुरक्षित राख्नुहोस्।
5. अँ, अहँ, उम्, ए, हैन जस्ता सुनिएका fillers र discourse words नहटाउनुहोस्।
6. दोहोरिएका शब्द, अधुरा शब्द, false starts र speaker corrections जस्ताको तस्तै राख्नुहोस्।
7. व्याकरण, उच्चारण वा बोल्ने शैलीलाई 'सुधारेर' मानक नेपाली नबनाउनुहोस्।
8. अस्पष्ट वा नसुनिएको शब्द अनुमान गरेर नलेख्नुहोस्।
9. बोलेका सङ्ख्या शब्दका रूपमा लेख्नुहोस्, जस्तै एक, दुई, तीन; digits प्रयोग नगर्नुहोस्।
10. कुनै explanation, timestamp, speaker label वा अतिरिक्त text नदिनुहोस्।

Output only the transcription.",audio/5055ffefca.wav,/kaggle/input/datasets/panditaadarsh/oslr54-50-utt/oslr54/audio/5055ffefca.wav,आचार्यले सङ्घबाट मात्रै,आचार्यले सङ्घबाट मात्रै,आचार्यले सङ्घबाट मात्रै,3.5,success,अचारेले संगबाट मात्र,अचारेले संगबाट मात्र,अचारेले संगबाट मात्र,10,4.3515,1.2433,,,2026-08-14T13:49:27.313105+00:00,ok,1.0,0.30434782608695654,0,3,0,0,3,3,16,4,3,0,23,7,3,1.0,0.0,False,False,False,False,,True
mistralai/Voxtral-Mini-3B-2507,main,3060fe34b35ba5d44202ce9ff3c097642914f8f3,1fcb17498781e52634f57ec1dabc05b37faa5ebc0edda2d0b71a2b03878e146c,039b62096708cde7517e6421cb47f6d89c1faa5ba826414de1e8bf62e3e5f24b,audio/5055ffefca.wav,audio/5055ffefca.wav,slr54,L2_i,L2,final,f1b798e1d028b45d88f956b0d5e7e10a571bda691f13a54607505a3fbf667bfa,"You are a verbatim transcription system for Nepali speech.

नेपाली अडियोमा बोलेको कुरा जस्ताको तस्तै लेख्नुहोस्।

Rules:
1. नेपाली शब्दहरू देवनागरी लिपिमा लेख्नुहोस्।
2. जे सुनिन्छ त्यही लेख्नुहोस्। अनुवाद, सारांश वा व्याख्या नगर्नुहोस्। अस्पष्ट नेपाली speech भए आफ्नो उत्तम ध्वन्यात्मक अनुमान देवनागरीमा लेख्नुहोस्।
3. English words, names, acronyms र technical terms लाई Latin script मै राख्नुहोस्; देवनागरीमा transliterate नगर्नुहोस्।
4. नेपाली-English code-switching बोलेको स्थान र क्रममै राख्नुहोस्।
5. बोलेका सङ्ख्या digits मा नलेखी शब्दका रूपमा लेख्नुहोस्।
6. fillers, repetitions, corrections र incomplete words जस्ताको तस्तै राख्नुहोस्।
7. grammar वा wording सुधार वा normalize नगर्नुहोस्।
8. explanation, timestamp, speaker label वा अतिरिक्त text नदिनुहोस्।

Output only the transcription.",audio/5055ffefca.wav,/kaggle/input/datasets/panditaadarsh/oslr54-50-utt/oslr54/audio/5055ffefca.wav,आचार्यले सङ्घबाट मात्रै,आचार्यले सङ्घबाट मात्रै,आचार्यले सङ्घबाट मात्रै,3.5,success,अचारेले संगबाट मात्र।,अचारेले संगबाट मात्र।,अचारेले संगबाट मात्र,11,4.1564,1.1875,,,2026-08-14T13:49:31.679868+00:00,ok,1.0,0.30434782608695654,0,3,0,0,3,3,16,4,3,0,23,7,3,1.0,0.0,False,False,False,False,,True
mistralai/Voxtral-Mini-3B-2507,main,3060fe34b35ba5d44202ce9ff3c097642914f8f3,1fcb17498781e52634f57ec1dabc05b37faa5ebc0edda2d0b71a2b03878e146c,039b62096708cde7517e6421cb47f6d89c1faa5ba826414de1e8bf62e3e5f24b,audio/567a5eb122.wav,audio/567a5eb122.wav,slr54,L2_a,L2,linguistic_paragraph,69fbc435aab89329dd9373149c58e54e0dc717e36aca3f87fd966c840d9fb4d5,"Transcribe the spoken Nepali audio verbatim in Devanagari script. Preserve any English words in Latin script and keep Nepali-English code-switching in the spoken order. Do not translate between languages. Keep fillers, repetitions, corrections, false starts, and incomplete words. Do not correct grammar or normalize the speaker's wording. Do not infer inaudible words. Do not add timestamps, speaker labels, explanations, or confidence scores. Return only the transcription.",audio/567a5eb122.wav,/kaggle/input/datasets/panditaadarsh/oslr54-50-utt/oslr54/audio/567a5eb122.wav,कामी बुढा रुकुम,कामी बुढा रुकुम,कामी बुढा रुकुम,4.3,success,कामिबुडा रुकुम,कामिबुडा रुकुम,कामिबुडा रुकुम,9,3.3397,0.7767,,,2026-08-14T13:49:35.852602+00:00,ok,0.6666666666666666,0.2,1,1,1,0,3,2,12,2,1,0,15,3,2,0.6667,0.0,False,False,False,False,,True
mistralai/Voxtral-Mini-3B-2507,main,3060fe34b35ba5d44202ce9ff3c097642914f8f3,1fcb17498781e52634f57ec1dabc05b37faa5ebc0edda2d0b71a2b03878e146c,039b62096708cde7517e6421cb47f6d89c1faa5ba826414de1e8bf62e3e5f24b,audio/567a5eb122.wav,audio/567a5eb122.wav,slr54,L2_b,L2,linguistic_rules,6fe608b8973d86f985c53419657b50e905207f4a0e0756e432c38f76d4f8630a,"You are a verbatim transcription system for Nepali speech.
Rules:
1. Write Nepali in Devanagari.
2. Write English words in Latin script.
3. Preserve Nepali-English code-switching in the spoken order.
4. Do not translate.
5. Keep fillers, repetitions, corrections, false starts, and incomplete words.
6. Do not correct grammar or normalize wording.
7. Do not guess inaudible words.
8. Add no timestamps, speaker labels, explanations, or confidence scores.
9. Output only the transcription.
10. Write spoken numbers as Nepali words, not digits.",audio/567a5eb122.wav,/kaggle/input/datasets/panditaadarsh/oslr54-50-utt/oslr54/audio/567a5eb122.wav,कामी बुढा रुकुम,कामी बुढा रुकुम,कामी बुढा रुकुम,4.3,success,कामिबुडा रुकुम,कामिबुडा रुकुम,कामिबुडा रुकुम,9,3.3909,0.7886,,,2026-08-14T13:49:39.226158+00:00,ok,0.6666666666666666,0.2,1,1,1,0,3,2,12,2,1,0,15,3,2,0.6667,0.0,False,False,False,False,,True
mistralai/Voxtral-Mini-3B-2507,main,3060fe34b35ba5d44202ce9ff3c097642914f8f3,1fcb17498781e52634f57ec1dabc05b37faa5ebc0edda2d0b71a2b03878e146c,039b62096708cde7517e6421cb47f6d89c1faa5ba826414de1e8bf62e3e5f24b,audio/567a5eb122.wav,audio/567a5eb122.wav,slr54,L2_d,L2,linguistic_nepali,e9f3e0193e8c25070a1966ea8419717e1da498cbc875300ff3da7a397a41e92c,"You are a verbatim transcription system for Nepali speech.

नेपाली अडियोमा बोलेको कुरा जस्ताको तस्तै लेख्नुहोस्।

Rules:
1. नेपाली शब्दहरू देवनागरी लिपिमा लेख्नुहोस्।
2. सुनिएको शब्दलाई अनुवाद वा अर्थ परिवर्तन नगरी जस्ताको तस्तै लेख्नुहोस्।
3. English words spoken in the audio must remain in Latin script.
4. नेपाली र English मिसिएको भए बोलेको क्रममै code-switching सुरक्षित राख्नुहोस्।
5. अँ, अहँ, उम्, ए, हैन जस्ता सुनिएका fillers र discourse words नहटाउनुहोस्।
6. दोहोरिएका शब्द, अधुरा शब्द, false starts र speaker corrections जस्ताको तस्तै राख्नुहोस्।
7. व्याकरण, उच्चारण वा बोल्ने शैलीलाई 'सुधारेर' मानक नेपाली नबनाउनुहोस्।
8. अस्पष्ट वा नसुनिएको शब्द अनुमान गरेर नलेख्नुहोस्।
9. बोलेका सङ्ख्या शब्दका रूपमा लेख्नुहोस्, जस्तै एक, दुई, तीन; digits प्रयोग नगर्नुहोस्।
10. कुनै explanation, timestamp, speaker label वा अतिरिक्त text नदिनुहोस्।

Output only the transcription.",audio/567a5eb122.wav,/kaggle/input/datasets/panditaadarsh/oslr54-50-utt/oslr54/audio/567a5eb122.wav,कामी बुढा रुकुम,कामी बुढा रुकुम,कामी बुढा रुकुम,4.3,success,कामिबुडारुकुम,कामिबुडारुकुम,कामिबुडारुकुम,8,4.2628,0.9914,,,2026-08-14T13:49:42.636450+00:00,ok,1.0,0.26666666666666666,0,1,2,0,3,3,11,2,2,0,15,4,1,0.3333,0.0,False,False,False,False,,True
mistralai/Voxtral-Mini-3B-2507,main,3060fe34b35ba5d44202ce9ff3c097642914f8f3,1fcb17498781e52634f57ec1dabc05b37faa5ebc0edda2d0b71a2b03878e146c,039b62096708cde7517e6421cb47f6d89c1faa5ba826414de1e8bf62e3e5f24b,audio/567a5eb122.wav,audio/567a5eb122.wav,slr54,L2_i,L2,final,f1b798e1d028b45d88f956b0d5e7e10a571bda691f13a54607505a3fbf667bfa,"You are a verbatim transcription system for Nepali speech.

नेपाली अडियोमा बोलेको कुरा जस्ताको तस्तै लेख्नुहोस्।

Rules:
1. नेपाली शब्दहरू देवनागरी लिपिमा लेख्नुहोस्।
2. जे सुनिन्छ त्यही लेख्नुहोस्। अनुवाद, सारांश वा व्याख्या नगर्नुहोस्। अस्पष्ट नेपाली speech भए आफ्नो उत्तम ध्वन्यात्मक अनुमान देवनागरीमा लेख्नुहोस्।
3. English words, names, acronyms र technical terms लाई Latin script मै राख्नुहोस्; देवनागरीमा transliterate नगर्नुहोस्।
4. नेपाली-English code-switching बोलेको स्थान र क्रममै राख्नुहोस्।
5. बोलेका सङ्ख्या digits मा नलेखी शब्दका रूपमा लेख्नुहोस्।
6. fillers, repetitions, corrections र incomplete words जस्ताको तस्तै राख्नुहोस्।
7. grammar वा wording सुधार वा normalize नगर्नुहोस्।
8. explanation, timestamp, speaker label वा अतिरिक्त text नदिनुहोस्।

Output only the transcription.",audio/567a5eb122.wav,/kaggle/input/datasets/panditaadarsh/oslr54-50-utt/oslr54/audio/567a5eb122.wav,कामी बुढा रुकुम,कामी बुढा रुकुम,कामी बुढा रुकुम,4.3,success,कामिबुडा रुकुम,कामिबुडा रुकुम,कामिबुडा रुकुम,9,4.0909,0.9514,,,2026-08-14T13:49:46.918667+00:00,ok,0.6666666666666666,0.2,1,1,1,0,3,2,12,2,1,0,15,3,2,0.6667,0.0,False,False,False,False,,True
mistralai/Voxtral-Mini-3B-2507,main,3060fe34b35ba5d44202ce9ff3c097642914f8f3,1fcb17498781e52634f57ec1dabc05b37faa5ebc0edda2d0b71a2b03878e146c,039b62096708cde7517e6421cb47f6d89c1faa5ba826414de1e8bf62e3e5f24b,audio/5e499579e7.wav,audio/5e499579e7.wav,slr54,L2_a,L2,linguistic_paragraph,69fbc435aab89329dd9373149c58e54e0dc717e36aca3f87fd966c840d9fb4d5,"Transcribe the spoken Nepali audio verbatim in Devanagari script. Preserve any English words in Latin script and keep Nepali-English code-switching in the spoken order. Do not translate between languages. Keep fillers, repetitions, corrections, false starts, and incomplete words. Do not correct grammar or normalize the speaker's wording. Do not infer inaudible words. Do not add timestamps, speaker labels, explanations, or confidence scores. Return only the transcription.",audio/5e499579e7.wav,/kaggle/input/datasets/panditaadarsh/oslr54-50-utt/oslr54/audio/5e499579e7.wav,त्यो धर्म ईश्वरको,त्यो धर्म ईश्वरको,त्यो धर्म ईश्वरको,2.6,success,तैया तमिसरको,तैया तमिसरको,तैया तमिसरको,9,3.3244,1.2786,,,2026-08-14T13:49:51.029502+00:00,ok,1.0,0.5882352941176471,0,2,1,0,3,3,7,5,5,0,17,10,2,0.6667,0.0,False,False,False,False,,True
mistralai/Voxtral-Mini-3B-2507,main,3060fe34b35ba5d44202ce9ff3c097642914f8f3,1fcb17498781e52634f57ec1dabc05b37faa5ebc0edda2d0b71a2b03878e146c,039b62096708cde7517e6421cb47f6d89c1faa5ba826414de1e8bf62e3e5f24b,audio/5e499579e7.wav,audio/5e499579e7.wav,slr54,L2_b,L2,linguistic_rules,6fe608b8973d86f985c53419657b50e905207f4a0e0756e432c38f76d4f8630a,"You are a verbatim transcription system for Nepali speech.
Rules:
1. Write Nepali in Devanagari.
2. Write English words in Latin script.
3. Preserve Nepali-English code-switching in the spoken order.
4. Do not translate.
5. Keep fillers, repetitions, corrections, false starts, and incomplete words.
6. Do not correct grammar or normalize wording.
7. Do not guess inaudible words.
8. Add no timestamps, speaker labels, explanations, or confidence scores.
9. Output only the transcription.
10. Write spoken numbers as Nepali words, not digits.",audio/5e499579e7.wav,/kaggle/input/datasets/panditaadarsh/oslr54-50-utt/oslr54/audio/5e499579e7.wav,त्यो धर्म ईश्वरको,त्यो धर्म ईश्वरको,त्यो धर्म ईश्वरको,2.6,success,ते तमै इशुरको।,ते तमै इशुरको।,ते तमै इशुरको,10,3.4138,1.313,,,2026-08-14T13:49:54.375121+00:00,ok,1.0,0.5882352941176471,0,3,0,0,3,3,7,6,4,0,17,10,3,1.0,0.0,False,False,False,False,,True
mistralai/Voxtral-Mini-3B-2507,main,3060fe34b35ba5d44202ce9ff3c097642914f8f3,1fcb17498781e52634f57ec1dabc05b37faa5ebc0edda2d0b71a2b03878e146c,039b62096708cde7517e6421cb47f6d89c1faa5ba826414de1e8bf62e3e5f24b,audio/5e499579e7.wav,audio/5e499579e7.wav,slr54,L2_d,L2,linguistic_nepali,e9f3e0193e8c25070a1966ea8419717e1da498cbc875300ff3da7a397a41e92c,"You are a verbatim transcription system for Nepali speech.

नेपाली अडियोमा बोलेको कुरा जस्ताको तस्तै लेख्नुहोस्।

Rules:
1. नेपाली शब्दहरू देवनागरी लिपिमा लेख्नुहोस्।
2. सुनिएको शब्दलाई अनुवाद वा अर्थ परिवर्तन नगरी जस्ताको तस्तै लेख्नुहोस्।
3. English words spoken in the audio must remain in Latin script.
4. नेपाली र English मिसिएको भए बोलेको क्रममै code-switching सुरक्षित राख्नुहोस्।
5. अँ, अहँ, उम्, ए, हैन जस्ता सुनिएका fillers र discourse words नहटाउनुहोस्।
6. दोहोरिएका शब्द, अधुरा शब्द, false starts र speaker corrections जस्ताको तस्तै राख्नुहोस्।
7. व्याकरण, उच्चारण वा बोल्ने शैलीलाई 'सुधारेर' मानक नेपाली नबनाउनुहोस्।
8. अस्पष्ट वा नसुनिएको शब्द अनुमान गरेर नलेख्नुहोस्।
9. बोलेका सङ्ख्या शब्दका रूपमा लेख्नुहोस्, जस्तै एक, दुई, तीन; digits प्रयोग नगर्नुहोस्।
10. कुनै explanation, timestamp, speaker label वा अतिरिक्त text नदिनुहोस्।

Output only the transcription.",audio/5e499579e7.wav,/kaggle/input/datasets/panditaadarsh/oslr54-50-utt/oslr54/audio/5e499579e7.wav,त्यो धर्म ईश्वरको,त्यो धर्म ईश्वरको,त्यो धर्म ईश्वरको,2.6,success,ते तर्मा इशुरको।,ते तर्मा इशुरको।,ते तर्मा इशुरको,10,4.3257,1.6637,,,2026-08-14T13:49:57.805656+00:00,ok,1.0,0.47058823529411764,0,3,0,0,3,3,10,4,3,1,17,8,3,1.0,0.0,False,False,False,False,,True
mistralai/Voxtral-Mini-3B-2507,main,3060fe34b35ba5d44202ce9ff3c097642914f8f3,1fcb17498781e52634f57ec1dabc05b37faa5ebc0edda2d0b71a2b03878e146c,039b62096708cde7517e6421cb47f6d89c1faa5ba826414de1e8bf62e3e5f24b,audio/5e499579e7.wav,audio/5e499579e7.wav,slr54,L2_i,L2,final,f1b798e1d028b45d88f956b0d5e7e10a571bda691f13a54607505a3fbf667bfa,"You are a verbatim transcription system for Nepali speech.

नेपाली अडियोमा बोलेको कुरा जस्ताको तस्तै लेख्नुहोस्।

Rules:
1. नेपाली शब्दहरू देवनागरी लिपिमा लेख्नुहोस्।
2. जे सुनिन्छ त्यही लेख्नुहोस्। अनुवाद, सारांश वा व्याख्या नगर्नुहोस्। अस्पष्ट नेपाली speech भए आफ्नो उत्तम ध्वन्यात्मक अनुमान देवनागरीमा लेख्नुहोस्।
3. English words, names, acronyms र technical terms लाई Latin script मै राख्नुहोस्; देवनागरीमा transliterate नगर्नुहोस्।
4. नेपाली-English code-switching बोलेको स्थान र क्रममै राख्नुहोस्।
5. बोलेका सङ्ख्या digits मा नलेखी शब्दका रूपमा लेख्नुहोस्।
6. fillers, repetitions, corrections र incomplete words जस्ताको तस्तै राख्नुहोस्।
7. grammar वा wording सुधार वा normalize नगर्नुहोस्।
8. explanation, timestamp, speaker label वा अतिरिक्त text नदिनुहोस्।

Output only the transcription.",audio/5e499579e7.wav,/kaggle/input/datasets/panditaadarsh/oslr54-50-utt/oslr54/audio/5e499579e7.wav,त्यो धर्म ईश्वरको,त्यो धर्म ईश्वरको,त्यो धर्म ईश्वरको,2.6,success,ते तर्मा इशुरको।,ते तर्मा इशुरको।,ते तर्मा इशुरको,10,4.0914,1.5736,,,2026-08-14T13:50:02.146614+00:00,ok,1.0,0.47058823529411764,0,3,0,0,3,3,10,4,3,1,17,8,3,1.0,0.0,False,False,False,False,,True
mistralai/Voxtral-Mini-3B-2507,main,3060fe34b35ba5d44202ce9ff3c097642914f8f3,1fcb17498781e52634f57ec1dabc05b37faa5ebc0edda2d0b71a2b03878e146c,039b62096708cde7517e6421cb47f6d89c1faa5ba826414de1e8bf62e3e5f24b,audio/5257080b7e.wav,audio/5257080b7e.wav,slr54,L2_a,L2,linguistic_paragraph,69fbc435aab89329dd9373149c58e54e0dc717e36aca3f87fd966c840d9fb4d5,"Transcribe the spoken Nepali audio verbatim in Devanagari script. Preserve any English words in Latin script and keep Nepali-English code-switching in the spoken order. Do not translate between languages. Keep fillers, repetitions, corrections, false starts, and incomplete words. Do not correct grammar or normalize the speaker's wording. Do not infer inaudible words. Do not add timestamps, speaker labels, explanations, or confidence scores. Return only the transcription.",audio/5257080b7e.wav,/kaggle/input/datasets/panditaadarsh/oslr54-50-utt/oslr54/audio/5257080b7e.wav,दुख दिने,दुख दिने,दुख दिने,1.9,success,दुका दिने,दुका दिने,दुका दिने,6,3.1749,1.671,,,2026-08-14T13:50:06.256832+00:00,ok,0.5,0.25,1,1,0,0,2,1,7,1,0,1,8,2,2,1.0,0.0,False,False,False,False,,True
mistralai/Voxtral-Mini-3B-2507,main,3060fe34b35ba5d44202ce9ff3c097642914f8f3,1fcb17498781e52634f57ec1dabc05b37faa5ebc0edda2d0b71a2b03878e146c,039b62096708cde7517e6421cb47f6d89c1faa5ba826414de1e8bf62e3e5f24b,audio/5257080b7e.wav,audio/5257080b7e.wav,slr54,L2_b,L2,linguistic_rules,6fe608b8973d86f985c53419657b50e905207f4a0e0756e432c38f76d4f8630a,"You are a verbatim transcription system for Nepali speech.
Rules:
1. Write Nepali in Devanagari.
2. Write English words in Latin script.
3. Preserve Nepali-English code-switching in the spoken order.
4. Do not translate.
5. Keep fillers, repetitions, corrections, false starts, and incomplete words.
6. Do not correct grammar or normalize wording.
7. Do not guess inaudible words.
8. Add no timestamps, speaker labels, explanations, or confidence scores.
9. Output only the transcription.
10. Write spoken numbers as Nepali words, not digits.",audio/5257080b7e.wav,/kaggle/input/datasets/panditaadarsh/oslr54-50-utt/oslr54/audio/5257080b7e.wav,दुख दिने,दुख दिने,दुख दिने,1.9,success,दुका दिने,दुका दिने,दुका दिने,6,3.2133,1.6912,,,2026-08-14T13:50:09.448017+00:00,ok,0.5,0.25,1,1,0,0,2,1,7,1,0,1,8,2,2,1.0,0.0,False,False,False,False,,True
mistralai/Voxtral-Mini-3B-2507,main,3060fe34b35ba5d44202ce9ff3c097642914f8f3,1fcb17498781e52634f57ec1dabc05b37faa5ebc0edda2d0b71a2b03878e146c,039b62096708cde7517e6421cb47f6d89c1faa5ba826414de1e8bf62e3e5f24b,audio/5257080b7e.wav,audio/5257080b7e.wav,slr54,L2_d,L2,linguistic_nepali,e9f3e0193e8c25070a1966ea8419717e1da498cbc875300ff3da7a397a41e92c,"You are a verbatim transcription system for Nepali speech.

नेपाली अडियोमा बोलेको कुरा जस्ताको तस्तै लेख्नुहोस्।

Rules:
1. नेपाली शब्दहरू देवनागरी लिपिमा लेख्नुहोस्।
2. सुनिएको शब्दलाई अनुवाद वा अर्थ परिवर्तन नगरी जस्ताको तस्तै लेख्नुहोस्।
3. English words spoken in the audio must remain in Latin script.
4. नेपाली र English मिसिएको भए बोलेको क्रममै code-switching सुरक्षित राख्नुहोस्।
5. अँ, अहँ, उम्, ए, हैन जस्ता सुनिएका fillers र discourse words नहटाउनुहोस्।
6. दोहोरिएका शब्द, अधुरा शब्द, false starts र speaker corrections जस्ताको तस्तै राख्नुहोस्।
7. व्याकरण, उच्चारण वा बोल्ने शैलीलाई 'सुधारेर' मानक नेपाली नबनाउनुहोस्।
8. अस्पष्ट वा नसुनिएको शब्द अनुमान गरेर नलेख्नुहोस्।
9. बोलेका सङ्ख्या शब्दका रूपमा लेख्नुहोस्, जस्तै एक, दुई, तीन; digits प्रयोग नगर्नुहोस्।
10. कुनै explanation, timestamp, speaker label वा अतिरिक्त text नदिनुहोस्।

Output only the transcription.",audio/5257080b7e.wav,/kaggle/input/datasets/panditaadarsh/oslr54-50-utt/oslr54/audio/5257080b7e.wav,दुख दिने,दुख दिने,दुख दिने,1.9,success,दिने,दिने,दिने,4,4.0122,2.1117,,,2026-08-14T13:50:12.677071+00:00,ok,0.5,0.5,1,0,1,0,2,1,4,0,4,0,8,4,1,0.5,0.0,False,False,False,False,,True
mistralai/Voxtral-Mini-3B-2507,main,3060fe34b35ba5d44202ce9ff3c097642914f8f3,1fcb17498781e52634f57ec1dabc05b37faa5ebc0edda2d0b71a2b03878e146c,039b62096708cde7517e6421cb47f6d89c1faa5ba826414de1e8bf62e3e5f24b,audio/5257080b7e.wav,audio/5257080b7e.wav,slr54,L2_i,L2,final,f1b798e1d028b45d88f956b0d5e7e10a571bda691f13a54607505a3fbf667bfa,"You are a verbatim transcription system for Nepali speech.

नेपाली अडियोमा बोलेको कुरा जस्ताको तस्तै लेख्नुहोस्।

Rules:
1. नेपाली शब्दहरू देवनागरी लिपिमा लेख्नुहोस्।
2. जे सुनिन्छ त्यही लेख्नुहोस्। अनुवाद, सारांश वा व्याख्या नगर्नुहोस्। अस्पष्ट नेपाली speech भए आफ्नो उत्तम ध्वन्यात्मक अनुमान देवनागरीमा लेख्नुहोस्।
3. English words, names, acronyms र technical terms लाई Latin script मै राख्नुहोस्; देवनागरीमा transliterate नगर्नुहोस्।
4. नेपाली-English code-switching बोलेको स्थान र क्रममै राख्नुहोस्।
5. बोलेका सङ्ख्या digits मा नलेखी शब्दका रूपमा लेख्नुहोस्।
6. fillers, repetitions, corrections र incomplete words जस्ताको तस्तै राख्नुहोस्।
7. grammar वा wording सुधार वा normalize नगर्नुहोस्।
8. explanation, timestamp, speaker label वा अतिरिक्त text नदिनुहोस्।

Output only the transcription.",audio/5257080b7e.wav,/kaggle/input/datasets/panditaadarsh/oslr54-50-utt/oslr54/audio/5257080b7e.wav,दुख दिने,दुख दिने,दुख दिने,1.9,success,Dukadine,Dukadine,dukadine,5,3.7923,1.9959,,,2026-08-14T13:50:16.707259+00:00,ok,1.0,1.0,0,1,1,0,2,2,0,8,0,0,8,8,1,0.5,0.0,False,False,False,False,,False
mistralai/Voxtral-Mini-3B-2507,main,3060fe34b35ba5d44202ce9ff3c097642914f8f3,1fcb17498781e52634f57ec1dabc05b37faa5ebc0edda2d0b71a2b03878e146c,039b62096708cde7517e6421cb47f6d89c1faa5ba826414de1e8bf62e3e5f24b,audio/542096aec1.wav,audio/542096aec1.wav,slr54,L2_a,L2,linguistic_paragraph,69fbc435aab89329dd9373149c58e54e0dc717e36aca3f87fd966c840d9fb4d5,"Transcribe the spoken Nepali audio verbatim in Devanagari script. Preserve any English words in Latin script and keep Nepali-English code-switching in the spoken order. Do not translate between languages. Keep fillers, repetitions, corrections, false starts, and incomplete words. Do not correct grammar or normalize the speaker's wording. Do not infer inaudible words. Do not add timestamps, speaker labels, explanations, or confidence scores. Return only the transcription.",audio/542096aec1.wav,/kaggle/input/datasets/panditaadarsh/oslr54-50-utt/oslr54/audio/542096aec1.wav,सम्मान गर्छ,सम्मान गर्छ,सम्मान गर्छ,2.7,success,सम्हान गर्शा,सम्हान गर्शा,सम्हान गर्शा,7,3.2235,1.1939,,,2026-08-14T13:50:20.515400+00:00,ok,1.0,0.2727272727272727,0,2,0,0,2,2,9,2,0,1,11,3,2,1.0,0.0,False,False,False,False,,True
mistralai/Voxtral-Mini-3B-2507,main,3060fe34b35ba5d44202ce9ff3c097642914f8f3,1fcb17498781e52634f57ec1dabc05b37faa5ebc0edda2d0b71a2b03878e146c,039b62096708cde7517e6421cb47f6d89c1faa5ba826414de1e8bf62e3e5f24b,audio/542096aec1.wav,audio/542096aec1.wav,slr54,L2_b,L2,linguistic_rules,6fe608b8973d86f985c53419657b50e905207f4a0e0756e432c38f76d4f8630a,"You are a verbatim transcription system for Nepali speech.
Rules:
1. Write Nepali in Devanagari.
2. Write English words in Latin script.
3. Preserve Nepali-English code-switching in the spoken order.
4. Do not translate.
5. Keep fillers, repetitions, corrections, false starts, and incomplete words.
6. Do not correct grammar or normalize wording.
7. Do not guess inaudible words.
8. Add no timestamps, speaker labels, explanations, or confidence scores.
9. Output only the transcription.
10. Write spoken numbers as Nepali words, not digits.",audio/542096aec1.wav,/kaggle/input/datasets/panditaadarsh/oslr54-50-utt/oslr54/audio/542096aec1.wav,सम्मान गर्छ,सम्मान गर्छ,सम्मान गर्छ,2.7,success,सम्हान गर्शा।,सम्हान गर्शा।,सम्हान गर्शा,8,3.3117,1.2265,,,2026-08-14T13:50:23.756707+00:00,ok,1.0,0.2727272727272727,0,2,0,0,2,2,9,2,0,1,11,3,2,1.0,0.0,False,False,False,False,,True
mistralai/Voxtral-Mini-3B-2507,main,3060fe34b35ba5d44202ce9ff3c097642914f8f3,1fcb17498781e52634f57ec1dabc05b37faa5ebc0edda2d0b71a2b03878e146c,039b62096708cde7517e6421cb47f6d89c1faa5ba826414de1e8bf62e3e5f24b,audio/542096aec1.wav,audio/542096aec1.wav,slr54,L2_d,L2,linguistic_nepali,e9f3e0193e8c25070a1966ea8419717e1da498cbc875300ff3da7a397a41e92c,"You are a verbatim transcription system for Nepali speech.

नेपाली अडियोमा बोलेको कुरा जस्ताको तस्तै लेख्नुहोस्।

Rules:
1. नेपाली शब्दहरू देवनागरी लिपिमा लेख्नुहोस्।
2. सुनिएको शब्दलाई अनुवाद वा अर्थ परिवर्तन नगरी जस्ताको तस्तै लेख्नुहोस्।
3. English words spoken in the audio must remain in Latin script.
4. नेपाली र English मिसिएको भए बोलेको क्रममै code-switching सुरक्षित राख्नुहोस्।
5. अँ, अहँ, उम्, ए, हैन जस्ता सुनिएका fillers र discourse words नहटाउनुहोस्।
6. दोहोरिएका शब्द, अधुरा शब्द, false starts र speaker corrections जस्ताको तस्तै राख्नुहोस्।
7. व्याकरण, उच्चारण वा बोल्ने शैलीलाई 'सुधारेर' मानक नेपाली नबनाउनुहोस्।
8. अस्पष्ट वा नसुनिएको शब्द अनुमान गरेर नलेख्नुहोस्।
9. बोलेका सङ्ख्या शब्दका रूपमा लेख्नुहोस्, जस्तै एक, दुई, तीन; digits प्रयोग नगर्नुहोस्।
10. कुनै explanation, timestamp, speaker label वा अतिरिक्त text नदिनुहोस्।

Output only the transcription.",audio/542096aec1.wav,/kaggle/input/datasets/panditaadarsh/oslr54-50-utt/oslr54/audio/542096aec1.wav,सम्मान गर्छ,सम्मान गर्छ,सम्मान गर्छ,2.7,success,सम्हान गर्शा।,सम्हान गर्शा।,सम्हान गर्शा,8,4.1604,1.5409,,,2026-08-14T13:50:27.082805+00:00,ok,1.0,0.2727272727272727,0,2,0,0,2,2,9,2,0,1,11,3,2,1.0,0.0,False,False,False,False,,True
mistralai/Voxtral-Mini-3B-2507,main,3060fe34b35ba5d44202ce9ff3c097642914f8f3,1fcb17498781e52634f57ec1dabc05b37faa5ebc0edda2d0b71a2b03878e146c,039b62096708cde7517e6421cb47f6d89c1faa5ba826414de1e8bf62e3e5f24b,audio/542096aec1.wav,audio/542096aec1.wav,slr54,L2_i,L2,final,f1b798e1d028b45d88f956b0d5e7e10a571bda691f13a54607505a3fbf667bfa,"You are a verbatim transcription system for Nepali speech.

नेपाली अडियोमा बोलेको कुरा जस्ताको तस्तै लेख्नुहोस्।

Rules:
1. नेपाली शब्दहरू देवनागरी लिपिमा लेख्नुहोस्।
2. जे सुनिन्छ त्यही लेख्नुहोस्। अनुवाद, सारांश वा व्याख्या नगर्नुहोस्। अस्पष्ट नेपाली speech भए आफ्नो उत्तम ध्वन्यात्मक अनुमान देवनागरीमा लेख्नुहोस्।
3. English words, names, acronyms र technical terms लाई Latin script मै राख्नुहोस्; देवनागरीमा transliterate नगर्नुहोस्।
4. नेपाली-English code-switching बोलेको स्थान र क्रममै राख्नुहोस्।
5. बोलेका सङ्ख्या digits मा नलेखी शब्दका रूपमा लेख्नुहोस्।
6. fillers, repetitions, corrections र incomplete words जस्ताको तस्तै राख्नुहोस्।
7. grammar वा wording सुधार वा normalize नगर्नुहोस्।
8. explanation, timestamp, speaker label वा अतिरिक्त text नदिनुहोस्।

Output only the transcription.",audio/542096aec1.wav,/kaggle/input/datasets/panditaadarsh/oslr54-50-utt/oslr54/audio/542096aec1.wav,सम्मान गर्छ,सम्मान गर्छ,सम्मान गर्छ,2.7,success,सम्हान गर्शा।,सम्हान गर्शा।,सम्हान गर्शा,8,3.9928,1.4788,,,2026-08-14T13:50:31.258124+00:00,ok,1.0,0.2727272727272727,0,2,0,0,2,2,9,2,0,1,11,3,2,1.0,0.0,False,False,False,False,,True
mistralai/Voxtral-Mini-3B-2507,main,3060fe34b35ba5d44202ce9ff3c097642914f8f3,1fcb17498781e52634f57ec1dabc05b37faa5ebc0edda2d0b71a2b03878e146c,039b62096708cde7517e6421cb47f6d89c1faa5ba826414de1e8bf62e3e5f24b,audio/535fc6e0cb.wav,audio/535fc6e0cb.wav,slr54,L2_a,L2,linguistic_paragraph,69fbc435aab89329dd9373149c58e54e0dc717e36aca3f87fd966c840d9fb4d5,"Transcribe the spoken Nepali audio verbatim in Devanagari script. Preserve any English words in Latin script and keep Nepali-English code-switching in the spoken order. Do not translate between languages. Keep fillers, repetitions, corrections, false starts, and incomplete words. Do not correct grammar or normalize the speaker's wording. Do not infer inaudible words. Do not add timestamps, speaker labels, explanations, or confidence scores. Return only the transcription.",audio/535fc6e0cb.wav,/kaggle/input/datasets/panditaadarsh/oslr54-50-utt/oslr54/audio/535fc6e0cb.wav,अहिंसा नै हो,अहिंसा नै हो,अहिंसा नै हो,3.2,success,अहिंसक नहीं हो।,अहिंसक नहीं हो।,अहिंसक नहीं हो,9,3.3408,1.044,,,2026-08-14T13:50:35.269350+00:00,ok,0.6666666666666666,0.3333333333333333,1,2,0,0,3,2,10,2,0,2,12,4,3,1.0,0.0,False,False,False,False,,True
mistralai/Voxtral-Mini-3B-2507,main,3060fe34b35ba5d44202ce9ff3c097642914f8f3,1fcb17498781e52634f57ec1dabc05b37faa5ebc0edda2d0b71a2b03878e146c,039b62096708cde7517e6421cb47f6d89c1faa5ba826414de1e8bf62e3e5f24b,audio/535fc6e0cb.wav,audio/535fc6e0cb.wav,slr54,L2_b,L2,linguistic_rules,6fe608b8973d86f985c53419657b50e905207f4a0e0756e432c38f76d4f8630a,"You are a verbatim transcription system for Nepali speech.
Rules:
1. Write Nepali in Devanagari.
2. Write English words in Latin script.
3. Preserve Nepali-English code-switching in the spoken order.
4. Do not translate.
5. Keep fillers, repetitions, corrections, false starts, and incomplete words.
6. Do not correct grammar or normalize wording.
7. Do not guess inaudible words.
8. Add no timestamps, speaker labels, explanations, or confidence scores.
9. Output only the transcription.
10. Write spoken numbers as Nepali words, not digits.",audio/535fc6e0cb.wav,/kaggle/input/datasets/panditaadarsh/oslr54-50-utt/oslr54/audio/535fc6e0cb.wav,अहिंसा नै हो,अहिंसा नै हो,अहिंसा नै हो,3.2,success,अहिंसक हो।,अहिंसक हो।,अहिंसक हो,8,3.3316,1.0411,,,2026-08-14T13:50:38.627916+00:00,ok,0.6666666666666666,0.3333333333333333,1,1,1,0,3,2,8,1,3,0,12,4,2,0.6667,0.0,False,False,False,False,,True
mistralai/Voxtral-Mini-3B-2507,main,3060fe34b35ba5d44202ce9ff3c097642914f8f3,1fcb17498781e52634f57ec1dabc05b37faa5ebc0edda2d0b71a2b03878e146c,039b62096708cde7517e6421cb47f6d89c1faa5ba826414de1e8bf62e3e5f24b,audio/535fc6e0cb.wav,audio/535fc6e0cb.wav,slr54,L2_d,L2,linguistic_nepali,e9f3e0193e8c25070a1966ea8419717e1da498cbc875300ff3da7a397a41e92c,"You are a verbatim transcription system for Nepali speech.

नेपाली अडियोमा बोलेको कुरा जस्ताको तस्तै लेख्नुहोस्।

Rules:
1. नेपाली शब्दहरू देवनागरी लिपिमा लेख्नुहोस्।
2. सुनिएको शब्दलाई अनुवाद वा अर्थ परिवर्तन नगरी जस्ताको तस्तै लेख्नुहोस्।
3. English words spoken in the audio must remain in Latin script.
4. नेपाली र English मिसिएको भए बोलेको क्रममै code-switching सुरक्षित राख्नुहोस्।
5. अँ, अहँ, उम्, ए, हैन जस्ता सुनिएका fillers र discourse words नहटाउनुहोस्।
6. दोहोरिएका शब्द, अधुरा शब्द, false starts र speaker corrections जस्ताको तस्तै राख्नुहोस्।
7. व्याकरण, उच्चारण वा बोल्ने शैलीलाई 'सुधारेर' मानक नेपाली नबनाउनुहोस्।
8. अस्पष्ट वा नसुनिएको शब्द अनुमान गरेर नलेख्नुहोस्।
9. बोलेका सङ्ख्या शब्दका रूपमा लेख्नुहोस्, जस्तै एक, दुई, तीन; digits प्रयोग नगर्नुहोस्।
10. कुनै explanation, timestamp, speaker label वा अतिरिक्त text नदिनुहोस्।

Output only the transcription.",audio/535fc6e0cb.wav,/kaggle/input/datasets/panditaadarsh/oslr54-50-utt/oslr54/audio/535fc6e0cb.wav,अहिंसा नै हो,अहिंसा नै हो,अहिंसा नै हो,3.2,success,अहिन्चाने हो।,अहिन्चाने हो।,अहिन्चाने हो,8,4.1975,1.3117,,,2026-08-14T13:50:41.976796+00:00,ok,0.6666666666666666,0.4166666666666667,1,1,1,0,3,2,8,3,1,1,12,5,2,0.6667,0.0,False,False,False,False,,True
mistralai/Voxtral-Mini-3B-2507,main,3060fe34b35ba5d44202ce9ff3c097642914f8f3,1fcb17498781e52634f57ec1dabc05b37faa5ebc0edda2d0b71a2b03878e146c,039b62096708cde7517e6421cb47f6d89c1faa5ba826414de1e8bf62e3e5f24b,audio/535fc6e0cb.wav,audio/535fc6e0cb.wav,slr54,L2_i,L2,final,f1b798e1d028b45d88f956b0d5e7e10a571bda691f13a54607505a3fbf667bfa,"You are a verbatim transcription system for Nepali speech.

नेपाली अडियोमा बोलेको कुरा जस्ताको तस्तै लेख्नुहोस्।

Rules:
1. नेपाली शब्दहरू देवनागरी लिपिमा लेख्नुहोस्।
2. जे सुनिन्छ त्यही लेख्नुहोस्। अनुवाद, सारांश वा व्याख्या नगर्नुहोस्। अस्पष्ट नेपाली speech भए आफ्नो उत्तम ध्वन्यात्मक अनुमान देवनागरीमा लेख्नुहोस्।
3. English words, names, acronyms र technical terms लाई Latin script मै राख्नुहोस्; देवनागरीमा transliterate नगर्नुहोस्।
4. नेपाली-English code-switching बोलेको स्थान र क्रममै राख्नुहोस्।
5. बोलेका सङ्ख्या digits मा नलेखी शब्दका रूपमा लेख्नुहोस्।
6. fillers, repetitions, corrections र incomplete words जस्ताको तस्तै राख्नुहोस्।
7. grammar वा wording सुधार वा normalize नगर्नुहोस्।
8. explanation, timestamp, speaker label वा अतिरिक्त text नदिनुहोस्।

Output only the transcription.",audio/535fc6e0cb.wav,/kaggle/input/datasets/panditaadarsh/oslr54-50-utt/oslr54/audio/535fc6e0cb.wav,अहिंसा नै हो,अहिंसा नै हो,अहिंसा नै हो,3.2,success,अहिन्साना हो।,अहिन्साना हो।,अहिन्साना हो,8,3.9932,1.2479,,,2026-08-14T13:50:46.193537+00:00,ok,0.6666666666666666,0.3333333333333333,1,1,1,0,3,2,9,2,1,1,12,4,2,0.6667,0.0,False,False,False,False,,True
mistralai/Voxtral-Mini-3B-2507,main,3060fe34b35ba5d44202ce9ff3c097642914f8f3,1fcb17498781e52634f57ec1dabc05b37faa5ebc0edda2d0b71a2b03878e146c,039b62096708cde7517e6421cb47f6d89c1faa5ba826414de1e8bf62e3e5f24b,audio/51c84f1765.wav,audio/51c84f1765.wav,slr54,L2_a,L2,linguistic_paragraph,69fbc435aab89329dd9373149c58e54e0dc717e36aca3f87fd966c840d9fb4d5,"Transcribe the spoken Nepali audio verbatim in Devanagari script. Preserve any English words in Latin script and keep Nepali-English code-switching in the spoken order. Do not translate between languages. Keep fillers, repetitions, corrections, false starts, and incomplete words. Do not correct grammar or normalize the speaker's wording. Do not infer inaudible words. Do not add timestamps, speaker labels, explanations, or confidence scores. Return only the transcription.",audio/51c84f1765.wav,/kaggle/input/datasets/panditaadarsh/oslr54-50-utt/oslr54/audio/51c84f1765.wav,तपाईँलाई थाहै छ,तपाईँलाई थाहै छ,तपाईँलाई थाहै छ,3.4,success,तपाईले थाहा छैन?,तपाईले थाहा छैन?,तपाईले थाहा छैन,11,3.4095,1.0028,,,2026-08-14T13:50:50.206055+00:00,ok,1.0,0.4,0,3,0,0,3,3,11,2,2,2,15,6,3,1.0,0.0,False,False,False,False,,True
mistralai/Voxtral-Mini-3B-2507,main,3060fe34b35ba5d44202ce9ff3c097642914f8f3,1fcb17498781e52634f57ec1dabc05b37faa5ebc0edda2d0b71a2b03878e146c,039b62096708cde7517e6421cb47f6d89c1faa5ba826414de1e8bf62e3e5f24b,audio/51c84f1765.wav,audio/51c84f1765.wav,slr54,L2_b,L2,linguistic_rules,6fe608b8973d86f985c53419657b50e905207f4a0e0756e432c38f76d4f8630a,"You are a verbatim transcription system for Nepali speech.
Rules:
1. Write Nepali in Devanagari.
2. Write English words in Latin script.
3. Preserve Nepali-English code-switching in the spoken order.
4. Do not translate.
5. Keep fillers, repetitions, corrections, false starts, and incomplete words.
6. Do not correct grammar or normalize wording.
7. Do not guess inaudible words.
8. Add no timestamps, speaker labels, explanations, or confidence scores.
9. Output only the transcription.
10. Write spoken numbers as Nepali words, not digits.",audio/51c84f1765.wav,/kaggle/input/datasets/panditaadarsh/oslr54-50-utt/oslr54/audio/51c84f1765.wav,तपाईँलाई थाहै छ,तपाईँलाई थाहै छ,तपाईँलाई थाहै छ,3.4,success,तपाईंले थाहा छैन?,तपाईंले थाहा छैन?,तपाईंले थाहा छैन,12,3.4881,1.0259,,,2026-08-14T13:50:53.636549+00:00,ok,1.0,0.4,0,3,0,0,3,3,11,3,1,2,15,6,3,1.0,0.0,False,False,False,False,,True
mistralai/Voxtral-Mini-3B-2507,main,3060fe34b35ba5d44202ce9ff3c097642914f8f3,1fcb17498781e52634f57ec1dabc05b37faa5ebc0edda2d0b71a2b03878e146c,039b62096708cde7517e6421cb47f6d89c1faa5ba826414de1e8bf62e3e5f24b,audio/51c84f1765.wav,audio/51c84f1765.wav,slr54,L2_d,L2,linguistic_nepali,e9f3e0193e8c25070a1966ea8419717e1da498cbc875300ff3da7a397a41e92c,"You are a verbatim transcription system for Nepali speech.

नेपाली अडियोमा बोलेको कुरा जस्ताको तस्तै लेख्नुहोस्।

Rules:
1. नेपाली शब्दहरू देवनागरी लिपिमा लेख्नुहोस्।
2. सुनिएको शब्दलाई अनुवाद वा अर्थ परिवर्तन नगरी जस्ताको तस्तै लेख्नुहोस्।
3. English words spoken in the audio must remain in Latin script.
4. नेपाली र English मिसिएको भए बोलेको क्रममै code-switching सुरक्षित राख्नुहोस्।
5. अँ, अहँ, उम्, ए, हैन जस्ता सुनिएका fillers र discourse words नहटाउनुहोस्।
6. दोहोरिएका शब्द, अधुरा शब्द, false starts र speaker corrections जस्ताको तस्तै राख्नुहोस्।
7. व्याकरण, उच्चारण वा बोल्ने शैलीलाई 'सुधारेर' मानक नेपाली नबनाउनुहोस्।
8. अस्पष्ट वा नसुनिएको शब्द अनुमान गरेर नलेख्नुहोस्।
9. बोलेका सङ्ख्या शब्दका रूपमा लेख्नुहोस्, जस्तै एक, दुई, तीन; digits प्रयोग नगर्नुहोस्।
10. कुनै explanation, timestamp, speaker label वा अतिरिक्त text नदिनुहोस्।

Output only the transcription.",audio/51c84f1765.wav,/kaggle/input/datasets/panditaadarsh/oslr54-50-utt/oslr54/audio/51c84f1765.wav,तपाईँलाई थाहै छ,तपाईँलाई थाहै छ,तपाईँलाई थाहै छ,3.4,success,तबैले,तबैले,तबैले,5,4.0504,1.1913,,,2026-08-14T13:50:57.139825+00:00,ok,1.0,0.8666666666666667,0,1,2,0,3,3,2,3,10,0,15,13,1,0.3333,0.0,False,False,False,False,,True
mistralai/Voxtral-Mini-3B-2507,main,3060fe34b35ba5d44202ce9ff3c097642914f8f3,1fcb17498781e52634f57ec1dabc05b37faa5ebc0edda2d0b71a2b03878e146c,039b62096708cde7517e6421cb47f6d89c1faa5ba826414de1e8bf62e3e5f24b,audio/51c84f1765.wav,audio/51c84f1765.wav,slr54,L2_i,L2,final,f1b798e1d028b45d88f956b0d5e7e10a571bda691f13a54607505a3fbf667bfa,"You are a verbatim transcription system for Nepali speech.

नेपाली अडियोमा बोलेको कुरा जस्ताको तस्तै लेख्नुहोस्।

Rules:
1. नेपाली शब्दहरू देवनागरी लिपिमा लेख्नुहोस्।
2. जे सुनिन्छ त्यही लेख्नुहोस्। अनुवाद, सारांश वा व्याख्या नगर्नुहोस्। अस्पष्ट नेपाली speech भए आफ्नो उत्तम ध्वन्यात्मक अनुमान देवनागरीमा लेख्नुहोस्।
3. English words, names, acronyms र technical terms लाई Latin script मै राख्नुहोस्; देवनागरीमा transliterate नगर्नुहोस्।
4. नेपाली-English code-switching बोलेको स्थान र क्रममै राख्नुहोस्।
5. बोलेका सङ्ख्या digits मा नलेखी शब्दका रूपमा लेख्नुहोस्।
6. fillers, repetitions, corrections र incomplete words जस्ताको तस्तै राख्नुहोस्।
7. grammar वा wording सुधार वा normalize नगर्नुहोस्।
8. explanation, timestamp, speaker label वा अतिरिक्त text नदिनुहोस्।

Output only the transcription.",audio/51c84f1765.wav,/kaggle/input/datasets/panditaadarsh/oslr54-50-utt/oslr54/audio/51c84f1765.wav,तपाईँलाई थाहै छ,तपाईँलाई थाहै छ,तपाईँलाई थाहै छ,3.4,success,तबैले,तबैले,तबैले,5,3.7911,1.115,,,2026-08-14T13:51:01.208150+00:00,ok,1.0,0.8666666666666667,0,1,2,0,3,3,2,3,10,0,15,13,1,0.3333,0.0,False,False,False,False,,True
mistralai/Voxtral-Mini-3B-2507,main,3060fe34b35ba5d44202ce9ff3c097642914f8f3,1fcb17498781e52634f57ec1dabc05b37faa5ebc0edda2d0b71a2b03878e146c,039b62096708cde7517e6421cb47f6d89c1faa5ba826414de1e8bf62e3e5f24b,audio/582099e6f1.wav,audio/582099e6f1.wav,slr54,L2_a,L2,linguistic_paragraph,69fbc435aab89329dd9373149c58e54e0dc717e36aca3f87fd966c840d9fb4d5,"Transcribe the spoken Nepali audio verbatim in Devanagari script. Preserve any English words in Latin script and keep Nepali-English code-switching in the spoken order. Do not translate between languages. Keep fillers, repetitions, corrections, false starts, and incomplete words. Do not correct grammar or normalize the speaker's wording. Do not infer inaudible words. Do not add timestamps, speaker labels, explanations, or confidence scores. Return only the transcription.",audio/582099e6f1.wav,/kaggle/input/datasets/panditaadarsh/oslr54-50-utt/oslr54/audio/582099e6f1.wav,हालै मात्र भारत,हालै मात्र भारत,हालै मात्र भारत,3.7,success,हालै ही भारत।,हालै ही भारत।,हालै ही भारत,7,3.23,0.873,,,2026-08-14T13:51:05.015061+00:00,ok,0.3333333333333333,0.3333333333333333,2,1,0,0,3,1,10,2,3,0,15,5,3,1.0,0.0,False,False,False,False,,True
mistralai/Voxtral-Mini-3B-2507,main,3060fe34b35ba5d44202ce9ff3c097642914f8f3,1fcb17498781e52634f57ec1dabc05b37faa5ebc0edda2d0b71a2b03878e146c,039b62096708cde7517e6421cb47f6d89c1faa5ba826414de1e8bf62e3e5f24b,audio/582099e6f1.wav,audio/582099e6f1.wav,slr54,L2_b,L2,linguistic_rules,6fe608b8973d86f985c53419657b50e905207f4a0e0756e432c38f76d4f8630a,"You are a verbatim transcription system for Nepali speech.
Rules:
1. Write Nepali in Devanagari.
2. Write English words in Latin script.
3. Preserve Nepali-English code-switching in the spoken order.
4. Do not translate.
5. Keep fillers, repetitions, corrections, false starts, and incomplete words.
6. Do not correct grammar or normalize wording.
7. Do not guess inaudible words.
8. Add no timestamps, speaker labels, explanations, or confidence scores.
9. Output only the transcription.
10. Write spoken numbers as Nepali words, not digits.",audio/582099e6f1.wav,/kaggle/input/datasets/panditaadarsh/oslr54-50-utt/oslr54/audio/582099e6f1.wav,हालै मात्र भारत,हालै मात्र भारत,हालै मात्र भारत,3.7,success,हालै ही मात्र भारत।,हालै ही मात्र भारत।,हालै ही मात्र भारत,9,3.343,0.9035,,,2026-08-14T13:51:08.263429+00:00,ok,0.3333333333333333,0.2,3,0,0,1,3,1,15,0,0,3,15,3,4,1.3333,0.3333,False,False,False,False,,True
mistralai/Voxtral-Mini-3B-2507,main,3060fe34b35ba5d44202ce9ff3c097642914f8f3,1fcb17498781e52634f57ec1dabc05b37faa5ebc0edda2d0b71a2b03878e146c,039b62096708cde7517e6421cb47f6d89c1faa5ba826414de1e8bf62e3e5f24b,audio/582099e6f1.wav,audio/582099e6f1.wav,slr54,L2_d,L2,linguistic_nepali,e9f3e0193e8c25070a1966ea8419717e1da498cbc875300ff3da7a397a41e92c,"You are a verbatim transcription system for Nepali speech.

नेपाली अडियोमा बोलेको कुरा जस्ताको तस्तै लेख्नुहोस्।

Rules:
1. नेपाली शब्दहरू देवनागरी लिपिमा लेख्नुहोस्।
2. सुनिएको शब्दलाई अनुवाद वा अर्थ परिवर्तन नगरी जस्ताको तस्तै लेख्नुहोस्।
3. English words spoken in the audio must remain in Latin script.
4. नेपाली र English मिसिएको भए बोलेको क्रममै code-switching सुरक्षित राख्नुहोस्।
5. अँ, अहँ, उम्, ए, हैन जस्ता सुनिएका fillers र discourse words नहटाउनुहोस्।
6. दोहोरिएका शब्द, अधुरा शब्द, false starts र speaker corrections जस्ताको तस्तै राख्नुहोस्।
7. व्याकरण, उच्चारण वा बोल्ने शैलीलाई 'सुधारेर' मानक नेपाली नबनाउनुहोस्।
8. अस्पष्ट वा नसुनिएको शब्द अनुमान गरेर नलेख्नुहोस्।
9. बोलेका सङ्ख्या शब्दका रूपमा लेख्नुहोस्, जस्तै एक, दुई, तीन; digits प्रयोग नगर्नुहोस्।
10. कुनै explanation, timestamp, speaker label वा अतिरिक्त text नदिनुहोस्।

Output only the transcription.",audio/582099e6f1.wav,/kaggle/input/datasets/panditaadarsh/oslr54-50-utt/oslr54/audio/582099e6f1.wav,हालै मात्र भारत,हालै मात्र भारत,हालै मात्र भारत,3.7,success,हालै मात्र भारत।,हालै मात्र भारत।,हालै मात्र भारत,8,4.2233,1.1414,,,2026-08-14T13:51:11.622081+00:00,ok,0.0,0.0,3,0,0,0,3,0,15,0,0,0,15,0,3,1.0,0.0,False,False,False,False,,True
mistralai/Voxtral-Mini-3B-2507,main,3060fe34b35ba5d44202ce9ff3c097642914f8f3,1fcb17498781e52634f57ec1dabc05b37faa5ebc0edda2d0b71a2b03878e146c,039b62096708cde7517e6421cb47f6d89c1faa5ba826414de1e8bf62e3e5f24b,audio/582099e6f1.wav,audio/582099e6f1.wav,slr54,L2_i,L2,final,f1b798e1d028b45d88f956b0d5e7e10a571bda691f13a54607505a3fbf667bfa,"You are a verbatim transcription system for Nepali speech.

नेपाली अडियोमा बोलेको कुरा जस्ताको तस्तै लेख्नुहोस्।

Rules:
1. नेपाली शब्दहरू देवनागरी लिपिमा लेख्नुहोस्।
2. जे सुनिन्छ त्यही लेख्नुहोस्। अनुवाद, सारांश वा व्याख्या नगर्नुहोस्। अस्पष्ट नेपाली speech भए आफ्नो उत्तम ध्वन्यात्मक अनुमान देवनागरीमा लेख्नुहोस्।
3. English words, names, acronyms र technical terms लाई Latin script मै राख्नुहोस्; देवनागरीमा transliterate नगर्नुहोस्।
4. नेपाली-English code-switching बोलेको स्थान र क्रममै राख्नुहोस्।
5. बोलेका सङ्ख्या digits मा नलेखी शब्दका रूपमा लेख्नुहोस्।
6. fillers, repetitions, corrections र incomplete words जस्ताको तस्तै राख्नुहोस्।
7. grammar वा wording सुधार वा normalize नगर्नुहोस्।
8. explanation, timestamp, speaker label वा अतिरिक्त text नदिनुहोस्।

Output only the transcription.",audio/582099e6f1.wav,/kaggle/input/datasets/panditaadarsh/oslr54-50-utt/oslr54/audio/582099e6f1.wav,हालै मात्र भारत,हालै मात्र भारत,हालै मात्र भारत,3.7,success,हालै मात्र भारत।,हालै मात्र भारत।,हालै मात्र भारत,8,3.9648,1.0716,,,2026-08-14T13:51:15.864213+00:00,ok,0.0,0.0,3,0,0,0,3,0,15,0,0,0,15,0,3,1.0,0.0,False,False,False,False,,True
mistralai/Voxtral-Mini-3B-2507,main,3060fe34b35ba5d44202ce9ff3c097642914f8f3,1fcb17498781e52634f57ec1dabc05b37faa5ebc0edda2d0b71a2b03878e146c,039b62096708cde7517e6421cb47f6d89c1faa5ba826414de1e8bf62e3e5f24b,audio/5382b2b888.wav,audio/5382b2b888.wav,slr54,L2_a,L2,linguistic_paragraph,69fbc435aab89329dd9373149c58e54e0dc717e36aca3f87fd966c840d9fb4d5,"Transcribe the spoken Nepali audio verbatim in Devanagari script. Preserve any English words in Latin script and keep Nepali-English code-switching in the spoken order. Do not translate between languages. Keep fillers, repetitions, corrections, false starts, and incomplete words. Do not correct grammar or normalize the speaker's wording. Do not infer inaudible words. Do not add timestamps, speaker labels, explanations, or confidence scores. Return only the transcription.",audio/5382b2b888.wav,/kaggle/input/datasets/panditaadarsh/oslr54-50-utt/oslr54/audio/5382b2b888.wav,योगदानले गर्दा यति,योगदानले गर्दा यति,योगदानले गर्दा यति,2.6,success,योगदानले गर्दा यो,योगदानले गर्दा यो,योगदानले गर्दा यो,9,3.3448,1.2864,,,2026-08-14T13:51:19.844238+00:00,ok,0.3333333333333333,0.1111111111111111,2,1,0,0,3,1,16,1,1,0,18,2,3,1.0,0.0,False,False,False,False,,True
mistralai/Voxtral-Mini-3B-2507,main,3060fe34b35ba5d44202ce9ff3c097642914f8f3,1fcb17498781e52634f57ec1dabc05b37faa5ebc0edda2d0b71a2b03878e146c,039b62096708cde7517e6421cb47f6d89c1faa5ba826414de1e8bf62e3e5f24b,audio/5382b2b888.wav,audio/5382b2b888.wav,slr54,L2_b,L2,linguistic_rules,6fe608b8973d86f985c53419657b50e905207f4a0e0756e432c38f76d4f8630a,"You are a verbatim transcription system for Nepali speech.
Rules:
1. Write Nepali in Devanagari.
2. Write English words in Latin script.
3. Preserve Nepali-English code-switching in the spoken order.
4. Do not translate.
5. Keep fillers, repetitions, corrections, false starts, and incomplete words.
6. Do not correct grammar or normalize wording.
7. Do not guess inaudible words.
8. Add no timestamps, speaker labels, explanations, or confidence scores.
9. Output only the transcription.
10. Write spoken numbers as Nepali words, not digits.",audio/5382b2b888.wav,/kaggle/input/datasets/panditaadarsh/oslr54-50-utt/oslr54/audio/5382b2b888.wav,योगदानले गर्दा यति,योगदानले गर्दा यति,योगदानले गर्दा यति,2.6,success,योगदानले गर्दा यो,योगदानले गर्दा यो,योगदानले गर्दा यो,11,3.4511,1.3273,,,2026-08-14T13:51:23.209458+00:00,ok,0.3333333333333333,0.1111111111111111,2,1,0,0,3,1,16,1,1,0,18,2,3,1.0,0.0,False,False,False,False,,True
mistralai/Voxtral-Mini-3B-2507,main,3060fe34b35ba5d44202ce9ff3c097642914f8f3,1fcb17498781e52634f57ec1dabc05b37faa5ebc0edda2d0b71a2b03878e146c,039b62096708cde7517e6421cb47f6d89c1faa5ba826414de1e8bf62e3e5f24b,audio/5382b2b888.wav,audio/5382b2b888.wav,slr54,L2_d,L2,linguistic_nepali,e9f3e0193e8c25070a1966ea8419717e1da498cbc875300ff3da7a397a41e92c,"You are a verbatim transcription system for Nepali speech.

नेपाली अडियोमा बोलेको कुरा जस्ताको तस्तै लेख्नुहोस्।

Rules:
1. नेपाली शब्दहरू देवनागरी लिपिमा लेख्नुहोस्।
2. सुनिएको शब्दलाई अनुवाद वा अर्थ परिवर्तन नगरी जस्ताको तस्तै लेख्नुहोस्।
3. English words spoken in the audio must remain in Latin script.
4. नेपाली र English मिसिएको भए बोलेको क्रममै code-switching सुरक्षित राख्नुहोस्।
5. अँ, अहँ, उम्, ए, हैन जस्ता सुनिएका fillers र discourse words नहटाउनुहोस्।
6. दोहोरिएका शब्द, अधुरा शब्द, false starts र speaker corrections जस्ताको तस्तै राख्नुहोस्।
7. व्याकरण, उच्चारण वा बोल्ने शैलीलाई 'सुधारेर' मानक नेपाली नबनाउनुहोस्।
8. अस्पष्ट वा नसुनिएको शब्द अनुमान गरेर नलेख्नुहोस्।
9. बोलेका सङ्ख्या शब्दका रूपमा लेख्नुहोस्, जस्तै एक, दुई, तीन; digits प्रयोग नगर्नुहोस्।
10. कुनै explanation, timestamp, speaker label वा अतिरिक्त text नदिनुहोस्।

Output only the transcription.",audio/5382b2b888.wav,/kaggle/input/datasets/panditaadarsh/oslr54-50-utt/oslr54/audio/5382b2b888.wav,योगदानले गर्दा यति,योगदानले गर्दा यति,योगदानले गर्दा यति,2.6,success,यो गानले गर्दा यो,यो गानले गर्दा यो,यो गानले गर्दा यो,11,4.3484,1.6725,,,2026-08-14T13:51:26.675894+00:00,ok,1.0,0.2222222222222222,1,2,0,1,3,3,15,1,2,1,18,4,4,1.3333,0.3333,False,False,False,False,,True
mistralai/Voxtral-Mini-3B-2507,main,3060fe34b35ba5d44202ce9ff3c097642914f8f3,1fcb17498781e52634f57ec1dabc05b37faa5ebc0edda2d0b71a2b03878e146c,039b62096708cde7517e6421cb47f6d89c1faa5ba826414de1e8bf62e3e5f24b,audio/5382b2b888.wav,audio/5382b2b888.wav,slr54,L2_i,L2,final,f1b798e1d028b45d88f956b0d5e7e10a571bda691f13a54607505a3fbf667bfa,"You are a verbatim transcription system for Nepali speech.

नेपाली अडियोमा बोलेको कुरा जस्ताको तस्तै लेख्नुहोस्।

Rules:
1. नेपाली शब्दहरू देवनागरी लिपिमा लेख्नुहोस्।
2. जे सुनिन्छ त्यही लेख्नुहोस्। अनुवाद, सारांश वा व्याख्या नगर्नुहोस्। अस्पष्ट नेपाली speech भए आफ्नो उत्तम ध्वन्यात्मक अनुमान देवनागरीमा लेख्नुहोस्।
3. English words, names, acronyms र technical terms लाई Latin script मै राख्नुहोस्; देवनागरीमा transliterate नगर्नुहोस्।
4. नेपाली-English code-switching बोलेको स्थान र क्रममै राख्नुहोस्।
5. बोलेका सङ्ख्या digits मा नलेखी शब्दका रूपमा लेख्नुहोस्।
6. fillers, repetitions, corrections र incomplete words जस्ताको तस्तै राख्नुहोस्।
7. grammar वा wording सुधार वा normalize नगर्नुहोस्।
8. explanation, timestamp, speaker label वा अतिरिक्त text नदिनुहोस्।

Output only the transcription.",audio/5382b2b888.wav,/kaggle/input/datasets/panditaadarsh/oslr54-50-utt/oslr54/audio/5382b2b888.wav,योगदानले गर्दा यति,योगदानले गर्दा यति,योगदानले गर्दा यति,2.6,success,योगदानले गर्दा यो,योगदानले गर्दा यो,योगदानले गर्दा यो,9,4.041,1.5542,,,2026-08-14T13:51:31.039197+00:00,ok,0.3333333333333333,0.1111111111111111,2,1,0,0,3,1,16,1,1,0,18,2,3,1.0,0.0,False,False,False,False,,True
mistralai/Voxtral-Mini-3B-2507,main,3060fe34b35ba5d44202ce9ff3c097642914f8f3,1fcb17498781e52634f57ec1dabc05b37faa5ebc0edda2d0b71a2b03878e146c,039b62096708cde7517e6421cb47f6d89c1faa5ba826414de1e8bf62e3e5f24b,audio/519d531cc6.wav,audio/519d531cc6.wav,slr54,L2_a,L2,linguistic_paragraph,69fbc435aab89329dd9373149c58e54e0dc717e36aca3f87fd966c840d9fb4d5,"Transcribe the spoken Nepali audio verbatim in Devanagari script. Preserve any English words in Latin script and keep Nepali-English code-switching in the spoken order. Do not translate between languages. Keep fillers, repetitions, corrections, false starts, and incomplete words. Do not correct grammar or normalize the speaker's wording. Do not infer inaudible words. Do not add timestamps, speaker labels, explanations, or confidence scores. Return only the transcription.",audio/519d531cc6.wav,/kaggle/input/datasets/panditaadarsh/oslr54-50-utt/oslr54/audio/519d531cc6.wav,थलोलाई नेपाली भाषामा,थलोलाई नेपाली भाषामा,थलोलाई नेपाली भाषामा,4.0,success,तालुले नेपाली भाषा में,तालुले नेपाली भाषा में,तालुले नेपाली भाषा में,10,3.3432,0.8358,,,2026-08-14T13:51:35.094803+00:00,ok,1.0,0.4,1,2,0,1,3,3,15,4,1,3,20,8,4,1.3333,0.3333,False,False,False,False,,True
mistralai/Voxtral-Mini-3B-2507,main,3060fe34b35ba5d44202ce9ff3c097642914f8f3,1fcb17498781e52634f57ec1dabc05b37faa5ebc0edda2d0b71a2b03878e146c,039b62096708cde7517e6421cb47f6d89c1faa5ba826414de1e8bf62e3e5f24b,audio/519d531cc6.wav,audio/519d531cc6.wav,slr54,L2_b,L2,linguistic_rules,6fe608b8973d86f985c53419657b50e905207f4a0e0756e432c38f76d4f8630a,"You are a verbatim transcription system for Nepali speech.
Rules:
1. Write Nepali in Devanagari.
2. Write English words in Latin script.
3. Preserve Nepali-English code-switching in the spoken order.
4. Do not translate.
5. Keep fillers, repetitions, corrections, false starts, and incomplete words.
6. Do not correct grammar or normalize wording.
7. Do not guess inaudible words.
8. Add no timestamps, speaker labels, explanations, or confidence scores.
9. Output only the transcription.
10. Write spoken numbers as Nepali words, not digits.",audio/519d531cc6.wav,/kaggle/input/datasets/panditaadarsh/oslr54-50-utt/oslr54/audio/519d531cc6.wav,थलोलाई नेपाली भाषामा,थलोलाई नेपाली भाषामा,थलोलाई नेपाली भाषामा,4.0,success,ठोला लाई नेपाली वाझामा।,ठोला लाई नेपाली वाझामा।,ठोला लाई नेपाली वाझामा,14,3.5978,0.8995,,,2026-08-14T13:51:38.456158+00:00,ok,1.0,0.3,1,2,0,1,3,3,16,4,0,2,20,6,4,1.3333,0.3333,False,False,False,False,,True
mistralai/Voxtral-Mini-3B-2507,main,3060fe34b35ba5d44202ce9ff3c097642914f8f3,1fcb17498781e52634f57ec1dabc05b37faa5ebc0edda2d0b71a2b03878e146c,039b62096708cde7517e6421cb47f6d89c1faa5ba826414de1e8bf62e3e5f24b,audio/519d531cc6.wav,audio/519d531cc6.wav,slr54,L2_d,L2,linguistic_nepali,e9f3e0193e8c25070a1966ea8419717e1da498cbc875300ff3da7a397a41e92c,"You are a verbatim transcription system for Nepali speech.

नेपाली अडियोमा बोलेको कुरा जस्ताको तस्तै लेख्नुहोस्।

Rules:
1. नेपाली शब्दहरू देवनागरी लिपिमा लेख्नुहोस्।
2. सुनिएको शब्दलाई अनुवाद वा अर्थ परिवर्तन नगरी जस्ताको तस्तै लेख्नुहोस्।
3. English words spoken in the audio must remain in Latin script.
4. नेपाली र English मिसिएको भए बोलेको क्रममै code-switching सुरक्षित राख्नुहोस्।
5. अँ, अहँ, उम्, ए, हैन जस्ता सुनिएका fillers र discourse words नहटाउनुहोस्।
6. दोहोरिएका शब्द, अधुरा शब्द, false starts र speaker corrections जस्ताको तस्तै राख्नुहोस्।
7. व्याकरण, उच्चारण वा बोल्ने शैलीलाई 'सुधारेर' मानक नेपाली नबनाउनुहोस्।
8. अस्पष्ट वा नसुनिएको शब्द अनुमान गरेर नलेख्नुहोस्।
9. बोलेका सङ्ख्या शब्दका रूपमा लेख्नुहोस्, जस्तै एक, दुई, तीन; digits प्रयोग नगर्नुहोस्।
10. कुनै explanation, timestamp, speaker label वा अतिरिक्त text नदिनुहोस्।

Output only the transcription.",audio/519d531cc6.wav,/kaggle/input/datasets/panditaadarsh/oslr54-50-utt/oslr54/audio/519d531cc6.wav,थलोलाई नेपाली भाषामा,थलोलाई नेपाली भाषामा,थलोलाई नेपाली भाषामा,4.0,success,थलोले,थलोले,थलोले,4,3.9802,0.995,,,2026-08-14T13:51:42.068942+00:00,ok,1.0,0.75,0,1,2,0,3,3,5,0,15,0,20,15,1,0.3333,0.0,False,False,False,False,,True
mistralai/Voxtral-Mini-3B-2507,main,3060fe34b35ba5d44202ce9ff3c097642914f8f3,1fcb17498781e52634f57ec1dabc05b37faa5ebc0edda2d0b71a2b03878e146c,039b62096708cde7517e6421cb47f6d89c1faa5ba826414de1e8bf62e3e5f24b,audio/519d531cc6.wav,audio/519d531cc6.wav,slr54,L2_i,L2,final,f1b798e1d028b45d88f956b0d5e7e10a571bda691f13a54607505a3fbf667bfa,"You are a verbatim transcription system for Nepali speech.

नेपाली अडियोमा बोलेको कुरा जस्ताको तस्तै लेख्नुहोस्।

Rules:
1. नेपाली शब्दहरू देवनागरी लिपिमा लेख्नुहोस्।
2. जे सुनिन्छ त्यही लेख्नुहोस्। अनुवाद, सारांश वा व्याख्या नगर्नुहोस्। अस्पष्ट नेपाली speech भए आफ्नो उत्तम ध्वन्यात्मक अनुमान देवनागरीमा लेख्नुहोस्।
3. English words, names, acronyms र technical terms लाई Latin script मै राख्नुहोस्; देवनागरीमा transliterate नगर्नुहोस्।
4. नेपाली-English code-switching बोलेको स्थान र क्रममै राख्नुहोस्।
5. बोलेका सङ्ख्या digits मा नलेखी शब्दका रूपमा लेख्नुहोस्।
6. fillers, repetitions, corrections र incomplete words जस्ताको तस्तै राख्नुहोस्।
7. grammar वा wording सुधार वा normalize नगर्नुहोस्।
8. explanation, timestamp, speaker label वा अतिरिक्त text नदिनुहोस्।

Output only the transcription.",audio/519d531cc6.wav,/kaggle/input/datasets/panditaadarsh/oslr54-50-utt/oslr54/audio/519d531cc6.wav,थलोलाई नेपाली भाषामा,थलोलाई नेपाली भाषामा,थलोलाई नेपाली भाषामा,4.0,success,तालुले नेपाली वा शमा।,तालुले नेपाली वा शमा।,तालुले नेपाली वा शमा,13,4.1894,1.0473,,,2026-08-14T13:51:46.068405+00:00,ok,1.0,0.4,1,2,0,1,3,3,13,6,1,1,20,8,4,1.3333,0.3333,False,False,False,False,,True
mistralai/Voxtral-Mini-3B-2507,main,3060fe34b35ba5d44202ce9ff3c097642914f8f3,1fcb17498781e52634f57ec1dabc05b37faa5ebc0edda2d0b71a2b03878e146c,039b62096708cde7517e6421cb47f6d89c1faa5ba826414de1e8bf62e3e5f24b,audio/5a63b14782.wav,audio/5a63b14782.wav,slr54,L2_a,L2,linguistic_paragraph,69fbc435aab89329dd9373149c58e54e0dc717e36aca3f87fd966c840d9fb4d5,"Transcribe the spoken Nepali audio verbatim in Devanagari script. Preserve any English words in Latin script and keep Nepali-English code-switching in the spoken order. Do not translate between languages. Keep fillers, repetitions, corrections, false starts, and incomplete words. Do not correct grammar or normalize the speaker's wording. Do not infer inaudible words. Do not add timestamps, speaker labels, explanations, or confidence scores. Return only the transcription.",audio/5a63b14782.wav,/kaggle/input/datasets/panditaadarsh/oslr54-50-utt/oslr54/audio/5a63b14782.wav,रोगले पीडितको सङ्ख्यामा,रोगले पीडितको सङ्ख्यामा,रोगले पीडितको सङ्ख्यामा,4.7,success,रोगले पीडितको संख्यामा,रोगले पीडितको संख्यामा,रोगले पीडितको संख्यामा,11,3.3933,0.722,,,2026-08-14T13:51:50.273630+00:00,ok,0.3333333333333333,0.08695652173913043,2,1,0,0,3,1,21,1,1,0,23,2,3,1.0,0.0,False,False,False,False,,True
mistralai/Voxtral-Mini-3B-2507,main,3060fe34b35ba5d44202ce9ff3c097642914f8f3,1fcb17498781e52634f57ec1dabc05b37faa5ebc0edda2d0b71a2b03878e146c,039b62096708cde7517e6421cb47f6d89c1faa5ba826414de1e8bf62e3e5f24b,audio/5a63b14782.wav,audio/5a63b14782.wav,slr54,L2_b,L2,linguistic_rules,6fe608b8973d86f985c53419657b50e905207f4a0e0756e432c38f76d4f8630a,"You are a verbatim transcription system for Nepali speech.
Rules:
1. Write Nepali in Devanagari.
2. Write English words in Latin script.
3. Preserve Nepali-English code-switching in the spoken order.
4. Do not translate.
5. Keep fillers, repetitions, corrections, false starts, and incomplete words.
6. Do not correct grammar or normalize wording.
7. Do not guess inaudible words.
8. Add no timestamps, speaker labels, explanations, or confidence scores.
9. Output only the transcription.
10. Write spoken numbers as Nepali words, not digits.",audio/5a63b14782.wav,/kaggle/input/datasets/panditaadarsh/oslr54-50-utt/oslr54/audio/5a63b14782.wav,रोगले पीडितको सङ्ख्यामा,रोगले पीडितको सङ्ख्यामा,रोगले पीडितको सङ्ख्यामा,4.7,success,रोगले पीडितको संख्यामा,रोगले पीडितको संख्यामा,रोगले पीडितको संख्यामा,11,3.4504,0.7341,,,2026-08-14T13:51:53.686704+00:00,ok,0.3333333333333333,0.08695652173913043,2,1,0,0,3,1,21,1,1,0,23,2,3,1.0,0.0,False,False,False,False,,True
mistralai/Voxtral-Mini-3B-2507,main,3060fe34b35ba5d44202ce9ff3c097642914f8f3,1fcb17498781e52634f57ec1dabc05b37faa5ebc0edda2d0b71a2b03878e146c,039b62096708cde7517e6421cb47f6d89c1faa5ba826414de1e8bf62e3e5f24b,audio/5a63b14782.wav,audio/5a63b14782.wav,slr54,L2_d,L2,linguistic_nepali,e9f3e0193e8c25070a1966ea8419717e1da498cbc875300ff3da7a397a41e92c,"You are a verbatim transcription system for Nepali speech.

नेपाली अडियोमा बोलेको कुरा जस्ताको तस्तै लेख्नुहोस्।

Rules:
1. नेपाली शब्दहरू देवनागरी लिपिमा लेख्नुहोस्।
2. सुनिएको शब्दलाई अनुवाद वा अर्थ परिवर्तन नगरी जस्ताको तस्तै लेख्नुहोस्।
3. English words spoken in the audio must remain in Latin script.
4. नेपाली र English मिसिएको भए बोलेको क्रममै code-switching सुरक्षित राख्नुहोस्।
5. अँ, अहँ, उम्, ए, हैन जस्ता सुनिएका fillers र discourse words नहटाउनुहोस्।
6. दोहोरिएका शब्द, अधुरा शब्द, false starts र speaker corrections जस्ताको तस्तै राख्नुहोस्।
7. व्याकरण, उच्चारण वा बोल्ने शैलीलाई 'सुधारेर' मानक नेपाली नबनाउनुहोस्।
8. अस्पष्ट वा नसुनिएको शब्द अनुमान गरेर नलेख्नुहोस्।
9. बोलेका सङ्ख्या शब्दका रूपमा लेख्नुहोस्, जस्तै एक, दुई, तीन; digits प्रयोग नगर्नुहोस्।
10. कुनै explanation, timestamp, speaker label वा अतिरिक्त text नदिनुहोस्।

Output only the transcription.",audio/5a63b14782.wav,/kaggle/input/datasets/panditaadarsh/oslr54-50-utt/oslr54/audio/5a63b14782.wav,रोगले पीडितको सङ्ख्यामा,रोगले पीडितको सङ्ख्यामा,रोगले पीडितको सङ्ख्यामा,4.7,success,रोगले पीडितको संख्यामा,रोगले पीडितको संख्यामा,रोगले पीडितको संख्यामा,11,4.3482,0.9251,,,2026-08-14T13:51:57.154067+00:00,ok,0.3333333333333333,0.08695652173913043,2,1,0,0,3,1,21,1,1,0,23,2,3,1.0,0.0,False,False,False,False,,True
mistralai/Voxtral-Mini-3B-2507,main,3060fe34b35ba5d44202ce9ff3c097642914f8f3,1fcb17498781e52634f57ec1dabc05b37faa5ebc0edda2d0b71a2b03878e146c,039b62096708cde7517e6421cb47f6d89c1faa5ba826414de1e8bf62e3e5f24b,audio/5a63b14782.wav,audio/5a63b14782.wav,slr54,L2_i,L2,final,f1b798e1d028b45d88f956b0d5e7e10a571bda691f13a54607505a3fbf667bfa,"You are a verbatim transcription system for Nepali speech.

नेपाली अडियोमा बोलेको कुरा जस्ताको तस्तै लेख्नुहोस्।

Rules:
1. नेपाली शब्दहरू देवनागरी लिपिमा लेख्नुहोस्।
2. जे सुनिन्छ त्यही लेख्नुहोस्। अनुवाद, सारांश वा व्याख्या नगर्नुहोस्। अस्पष्ट नेपाली speech भए आफ्नो उत्तम ध्वन्यात्मक अनुमान देवनागरीमा लेख्नुहोस्।
3. English words, names, acronyms र technical terms लाई Latin script मै राख्नुहोस्; देवनागरीमा transliterate नगर्नुहोस्।
4. नेपाली-English code-switching बोलेको स्थान र क्रममै राख्नुहोस्।
5. बोलेका सङ्ख्या digits मा नलेखी शब्दका रूपमा लेख्नुहोस्।
6. fillers, repetitions, corrections र incomplete words जस्ताको तस्तै राख्नुहोस्।
7. grammar वा wording सुधार वा normalize नगर्नुहोस्।
8. explanation, timestamp, speaker label वा अतिरिक्त text नदिनुहोस्।

Output only the transcription.",audio/5a63b14782.wav,/kaggle/input/datasets/panditaadarsh/oslr54-50-utt/oslr54/audio/5a63b14782.wav,रोगले पीडितको सङ्ख्यामा,रोगले पीडितको सङ्ख्यामा,रोगले पीडितको सङ्ख्यामा,4.7,success,"संग्रहमा १,०००,००० रोगले पीडितको संख्या मा १,०००,०००","संग्रहमा १,०००,००० रोगले पीडितको संख्या मा १,०००,०००",संग्रहमा रोगले पीडितको संख्या मा,37,5.4162,1.1524,,,2026-08-14T13:52:01.524390+00:00,ok,1.0,0.5217391304347826,2,1,0,2,3,3,21,1,1,10,23,12,5,1.6667,0.6667,False,False,False,False,,True
mistralai/Voxtral-Mini-3B-2507,main,3060fe34b35ba5d44202ce9ff3c097642914f8f3,1fcb17498781e52634f57ec1dabc05b37faa5ebc0edda2d0b71a2b03878e146c,039b62096708cde7517e6421cb47f6d89c1faa5ba826414de1e8bf62e3e5f24b,audio/50c3263702.wav,audio/50c3263702.wav,slr54,L2_a,L2,linguistic_paragraph,69fbc435aab89329dd9373149c58e54e0dc717e36aca3f87fd966c840d9fb4d5,"Transcribe the spoken Nepali audio verbatim in Devanagari script. Preserve any English words in Latin script and keep Nepali-English code-switching in the spoken order. Do not translate between languages. Keep fillers, repetitions, corrections, false starts, and incomplete words. Do not correct grammar or normalize the speaker's wording. Do not infer inaudible words. Do not add timestamps, speaker labels, explanations, or confidence scores. Return only the transcription.",audio/50c3263702.wav,/kaggle/input/datasets/panditaadarsh/oslr54-50-utt/oslr54/audio/50c3263702.wav,परकीय हित हुने,परकीय हित हुने,परकीय हित हुने,3.7,success,पढ्नुहोस्,पढ्नुहोस्,पढ्नुहोस्,8,3.2383,0.8752,,,2026-08-14T13:52:06.956545+00:00,ok,1.0,0.8571428571428571,0,1,2,0,3,3,2,7,5,0,14,12,1,0.3333,0.0,False,False,False,False,,True
mistralai/Voxtral-Mini-3B-2507,main,3060fe34b35ba5d44202ce9ff3c097642914f8f3,1fcb17498781e52634f57ec1dabc05b37faa5ebc0edda2d0b71a2b03878e146c,039b62096708cde7517e6421cb47f6d89c1faa5ba826414de1e8bf62e3e5f24b,audio/50c3263702.wav,audio/50c3263702.wav,slr54,L2_b,L2,linguistic_rules,6fe608b8973d86f985c53419657b50e905207f4a0e0756e432c38f76d4f8630a,"You are a verbatim transcription system for Nepali speech.
Rules:
1. Write Nepali in Devanagari.
2. Write English words in Latin script.
3. Preserve Nepali-English code-switching in the spoken order.
4. Do not translate.
5. Keep fillers, repetitions, corrections, false starts, and incomplete words.
6. Do not correct grammar or normalize wording.
7. Do not guess inaudible words.
8. Add no timestamps, speaker labels, explanations, or confidence scores.
9. Output only the transcription.
10. Write spoken numbers as Nepali words, not digits.",audio/50c3263702.wav,/kaggle/input/datasets/panditaadarsh/oslr54-50-utt/oslr54/audio/50c3263702.wav,परकीय हित हुने,परकीय हित हुने,परकीय हित हुने,3.7,success,पढ्यो ही थुनें।,पढ्यो ही थुनें।,पढ्यो ही थुनें,10,3.4237,0.9253,,,2026-08-14T13:52:10.213607+00:00,ok,1.0,0.5714285714285714,0,3,0,0,3,3,7,6,1,1,14,8,3,1.0,0.0,False,False,False,False,,True
mistralai/Voxtral-Mini-3B-2507,main,3060fe34b35ba5d44202ce9ff3c097642914f8f3,1fcb17498781e52634f57ec1dabc05b37faa5ebc0edda2d0b71a2b03878e146c,039b62096708cde7517e6421cb47f6d89c1faa5ba826414de1e8bf62e3e5f24b,audio/50c3263702.wav,audio/50c3263702.wav,slr54,L2_d,L2,linguistic_nepali,e9f3e0193e8c25070a1966ea8419717e1da498cbc875300ff3da7a397a41e92c,"You are a verbatim transcription system for Nepali speech.

नेपाली अडियोमा बोलेको कुरा जस्ताको तस्तै लेख्नुहोस्।

Rules:
1. नेपाली शब्दहरू देवनागरी लिपिमा लेख्नुहोस्।
2. सुनिएको शब्दलाई अनुवाद वा अर्थ परिवर्तन नगरी जस्ताको तस्तै लेख्नुहोस्।
3. English words spoken in the audio must remain in Latin script.
4. नेपाली र English मिसिएको भए बोलेको क्रममै code-switching सुरक्षित राख्नुहोस्।
5. अँ, अहँ, उम्, ए, हैन जस्ता सुनिएका fillers र discourse words नहटाउनुहोस्।
6. दोहोरिएका शब्द, अधुरा शब्द, false starts र speaker corrections जस्ताको तस्तै राख्नुहोस्।
7. व्याकरण, उच्चारण वा बोल्ने शैलीलाई 'सुधारेर' मानक नेपाली नबनाउनुहोस्।
8. अस्पष्ट वा नसुनिएको शब्द अनुमान गरेर नलेख्नुहोस्।
9. बोलेका सङ्ख्या शब्दका रूपमा लेख्नुहोस्, जस्तै एक, दुई, तीन; digits प्रयोग नगर्नुहोस्।
10. कुनै explanation, timestamp, speaker label वा अतिरिक्त text नदिनुहोस्।

Output only the transcription.",audio/50c3263702.wav,/kaggle/input/datasets/panditaadarsh/oslr54-50-utt/oslr54/audio/50c3263702.wav,परकीय हित हुने,परकीय हित हुने,परकीय हित हुने,3.7,success,पार्किया हितुने।,पार्किया हितुने।,पार्किया हितुने,10,4.3108,1.1651,,,2026-08-14T13:52:13.652572+00:00,ok,1.0,0.42857142857142855,0,2,1,0,3,3,11,1,2,3,14,6,2,0.6667,0.0,False,False,False,False,,True
mistralai/Voxtral-Mini-3B-2507,main,3060fe34b35ba5d44202ce9ff3c097642914f8f3,1fcb17498781e52634f57ec1dabc05b37faa5ebc0edda2d0b71a2b03878e146c,039b62096708cde7517e6421cb47f6d89c1faa5ba826414de1e8bf62e3e5f24b,audio/50c3263702.wav,audio/50c3263702.wav,slr54,L2_i,L2,final,f1b798e1d028b45d88f956b0d5e7e10a571bda691f13a54607505a3fbf667bfa,"You are a verbatim transcription system for Nepali speech.

नेपाली अडियोमा बोलेको कुरा जस्ताको तस्तै लेख्नुहोस्।

Rules:
1. नेपाली शब्दहरू देवनागरी लिपिमा लेख्नुहोस्।
2. जे सुनिन्छ त्यही लेख्नुहोस्। अनुवाद, सारांश वा व्याख्या नगर्नुहोस्। अस्पष्ट नेपाली speech भए आफ्नो उत्तम ध्वन्यात्मक अनुमान देवनागरीमा लेख्नुहोस्।
3. English words, names, acronyms र technical terms लाई Latin script मै राख्नुहोस्; देवनागरीमा transliterate नगर्नुहोस्।
4. नेपाली-English code-switching बोलेको स्थान र क्रममै राख्नुहोस्।
5. बोलेका सङ्ख्या digits मा नलेखी शब्दका रूपमा लेख्नुहोस्।
6. fillers, repetitions, corrections र incomplete words जस्ताको तस्तै राख्नुहोस्।
7. grammar वा wording सुधार वा normalize नगर्नुहोस्।
8. explanation, timestamp, speaker label वा अतिरिक्त text नदिनुहोस्।

Output only the transcription.",audio/50c3263702.wav,/kaggle/input/datasets/panditaadarsh/oslr54-50-utt/oslr54/audio/50c3263702.wav,परकीय हित हुने,परकीय हित हुने,परकीय हित हुने,3.7,success,पार्किया हितुने।,पार्किया हितुने।,पार्किया हितुने,10,4.0823,1.1033,,,2026-08-14T13:52:17.978787+00:00,ok,1.0,0.42857142857142855,0,2,1,0,3,3,11,1,2,3,14,6,2,0.6667,0.0,False,False,False,False,,True
mistralai/Voxtral-Mini-3B-2507,main,3060fe34b35ba5d44202ce9ff3c097642914f8f3,1fcb17498781e52634f57ec1dabc05b37faa5ebc0edda2d0b71a2b03878e146c,039b62096708cde7517e6421cb47f6d89c1faa5ba826414de1e8bf62e3e5f24b,audio/56f19fbd91.wav,audio/56f19fbd91.wav,slr54,L2_a,L2,linguistic_paragraph,69fbc435aab89329dd9373149c58e54e0dc717e36aca3f87fd966c840d9fb4d5,"Transcribe the spoken Nepali audio verbatim in Devanagari script. Preserve any English words in Latin script and keep Nepali-English code-switching in the spoken order. Do not translate between languages. Keep fillers, repetitions, corrections, false starts, and incomplete words. Do not correct grammar or normalize the speaker's wording. Do not infer inaudible words. Do not add timestamps, speaker labels, explanations, or confidence scores. Return only the transcription.",audio/56f19fbd91.wav,/kaggle/input/datasets/panditaadarsh/oslr54-50-utt/oslr54/audio/56f19fbd91.wav,अधीनमा लियो,अधीनमा लियो,अधीनमा लियो,2.8,success,ओ दिनमा लियो।,ओ दिनमा लियो।,ओ दिनमा लियो,7,3.2064,1.1451,,,2026-08-14T13:52:22.076555+00:00,ok,1.0,0.36363636363636365,1,1,0,1,2,2,8,3,0,1,11,4,3,1.5,0.5,False,False,False,False,,True
mistralai/Voxtral-Mini-3B-2507,main,3060fe34b35ba5d44202ce9ff3c097642914f8f3,1fcb17498781e52634f57ec1dabc05b37faa5ebc0edda2d0b71a2b03878e146c,039b62096708cde7517e6421cb47f6d89c1faa5ba826414de1e8bf62e3e5f24b,audio/56f19fbd91.wav,audio/56f19fbd91.wav,slr54,L2_b,L2,linguistic_rules,6fe608b8973d86f985c53419657b50e905207f4a0e0756e432c38f76d4f8630a,"You are a verbatim transcription system for Nepali speech.
Rules:
1. Write Nepali in Devanagari.
2. Write English words in Latin script.
3. Preserve Nepali-English code-switching in the spoken order.
4. Do not translate.
5. Keep fillers, repetitions, corrections, false starts, and incomplete words.
6. Do not correct grammar or normalize wording.
7. Do not guess inaudible words.
8. Add no timestamps, speaker labels, explanations, or confidence scores.
9. Output only the transcription.
10. Write spoken numbers as Nepali words, not digits.",audio/56f19fbd91.wav,/kaggle/input/datasets/panditaadarsh/oslr54-50-utt/oslr54/audio/56f19fbd91.wav,अधीनमा लियो,अधीनमा लियो,अधीनमा लियो,2.8,success,ओ दिनमा लियो।,ओ दिनमा लियो।,ओ दिनमा लियो,7,3.3072,1.1811,,,2026-08-14T13:52:25.299852+00:00,ok,1.0,0.36363636363636365,1,1,0,1,2,2,8,3,0,1,11,4,3,1.5,0.5,False,False,False,False,,True
mistralai/Voxtral-Mini-3B-2507,main,3060fe34b35ba5d44202ce9ff3c097642914f8f3,1fcb17498781e52634f57ec1dabc05b37faa5ebc0edda2d0b71a2b03878e146c,039b62096708cde7517e6421cb47f6d89c1faa5ba826414de1e8bf62e3e5f24b,audio/56f19fbd91.wav,audio/56f19fbd91.wav,slr54,L2_d,L2,linguistic_nepali,e9f3e0193e8c25070a1966ea8419717e1da498cbc875300ff3da7a397a41e92c,"You are a verbatim transcription system for Nepali speech.

नेपाली अडियोमा बोलेको कुरा जस्ताको तस्तै लेख्नुहोस्।

Rules:
1. नेपाली शब्दहरू देवनागरी लिपिमा लेख्नुहोस्।
2. सुनिएको शब्दलाई अनुवाद वा अर्थ परिवर्तन नगरी जस्ताको तस्तै लेख्नुहोस्।
3. English words spoken in the audio must remain in Latin script.
4. नेपाली र English मिसिएको भए बोलेको क्रममै code-switching सुरक्षित राख्नुहोस्।
5. अँ, अहँ, उम्, ए, हैन जस्ता सुनिएका fillers र discourse words नहटाउनुहोस्।
6. दोहोरिएका शब्द, अधुरा शब्द, false starts र speaker corrections जस्ताको तस्तै राख्नुहोस्।
7. व्याकरण, उच्चारण वा बोल्ने शैलीलाई 'सुधारेर' मानक नेपाली नबनाउनुहोस्।
8. अस्पष्ट वा नसुनिएको शब्द अनुमान गरेर नलेख्नुहोस्।
9. बोलेका सङ्ख्या शब्दका रूपमा लेख्नुहोस्, जस्तै एक, दुई, तीन; digits प्रयोग नगर्नुहोस्।
10. कुनै explanation, timestamp, speaker label वा अतिरिक्त text नदिनुहोस्।

Output only the transcription.",audio/56f19fbd91.wav,/kaggle/input/datasets/panditaadarsh/oslr54-50-utt/oslr54/audio/56f19fbd91.wav,अधीनमा लियो,अधीनमा लियो,अधीनमा लियो,2.8,success,ओदिनमा लियो।,ओदिनमा लियो।,ओदिनमा लियो,8,4.1893,1.4962,,,2026-08-14T13:52:28.625741+00:00,ok,0.5,0.2727272727272727,1,1,0,0,2,1,8,3,0,0,11,3,2,1.0,0.0,False,False,False,False,,True
mistralai/Voxtral-Mini-3B-2507,main,3060fe34b35ba5d44202ce9ff3c097642914f8f3,1fcb17498781e52634f57ec1dabc05b37faa5ebc0edda2d0b71a2b03878e146c,039b62096708cde7517e6421cb47f6d89c1faa5ba826414de1e8bf62e3e5f24b,audio/56f19fbd91.wav,audio/56f19fbd91.wav,slr54,L2_i,L2,final,f1b798e1d028b45d88f956b0d5e7e10a571bda691f13a54607505a3fbf667bfa,"You are a verbatim transcription system for Nepali speech.

नेपाली अडियोमा बोलेको कुरा जस्ताको तस्तै लेख्नुहोस्।

Rules:
1. नेपाली शब्दहरू देवनागरी लिपिमा लेख्नुहोस्।
2. जे सुनिन्छ त्यही लेख्नुहोस्। अनुवाद, सारांश वा व्याख्या नगर्नुहोस्। अस्पष्ट नेपाली speech भए आफ्नो उत्तम ध्वन्यात्मक अनुमान देवनागरीमा लेख्नुहोस्।
3. English words, names, acronyms र technical terms लाई Latin script मै राख्नुहोस्; देवनागरीमा transliterate नगर्नुहोस्।
4. नेपाली-English code-switching बोलेको स्थान र क्रममै राख्नुहोस्।
5. बोलेका सङ्ख्या digits मा नलेखी शब्दका रूपमा लेख्नुहोस्।
6. fillers, repetitions, corrections र incomplete words जस्ताको तस्तै राख्नुहोस्।
7. grammar वा wording सुधार वा normalize नगर्नुहोस्।
8. explanation, timestamp, speaker label वा अतिरिक्त text नदिनुहोस्।

Output only the transcription.",audio/56f19fbd91.wav,/kaggle/input/datasets/panditaadarsh/oslr54-50-utt/oslr54/audio/56f19fbd91.wav,अधीनमा लियो,अधीनमा लियो,अधीनमा लियो,2.8,success,ओदिनमा लियो।,ओदिनमा लियो।,ओदिनमा लियो,8,3.9376,1.4063,,,2026-08-14T13:52:32.831865+00:00,ok,0.5,0.2727272727272727,1,1,0,0,2,1,8,3,0,0,11,3,2,1.0,0.0,False,False,False,False,,True
mistralai/Voxtral-Mini-3B-2507,main,3060fe34b35ba5d44202ce9ff3c097642914f8f3,1fcb17498781e52634f57ec1dabc05b37faa5ebc0edda2d0b71a2b03878e146c,039b62096708cde7517e6421cb47f6d89c1faa5ba826414de1e8bf62e3e5f24b,audio/53d5a2bf57.wav,audio/53d5a2bf57.wav,slr54,L2_a,L2,linguistic_paragraph,69fbc435aab89329dd9373149c58e54e0dc717e36aca3f87fd966c840d9fb4d5,"Transcribe the spoken Nepali audio verbatim in Devanagari script. Preserve any English words in Latin script and keep Nepali-English code-switching in the spoken order. Do not translate between languages. Keep fillers, repetitions, corrections, false starts, and incomplete words. Do not correct grammar or normalize the speaker's wording. Do not infer inaudible words. Do not add timestamps, speaker labels, explanations, or confidence scores. Return only the transcription.",audio/53d5a2bf57.wav,/kaggle/input/datasets/panditaadarsh/oslr54-50-utt/oslr54/audio/53d5a2bf57.wav,जङ्गबहादुरले आफ्ना कट्टर,जङ्गबहादुरले आफ्ना कट्टर,जङ्गबहादुरले आफ्ना कट्टर,8.0,success,जंग बहादुरले आफ्नो कटर,जंग बहादुरले आफ्नो कटर,जंग बहादुरले आफ्नो कटर,13,3.5506,0.4438,,,2026-08-14T13:52:36.785426+00:00,ok,1.3333333333333333,0.25,0,3,0,1,3,4,18,4,2,0,24,6,4,1.3333,0.3333,False,False,False,False,,True
mistralai/Voxtral-Mini-3B-2507,main,3060fe34b35ba5d44202ce9ff3c097642914f8f3,1fcb17498781e52634f57ec1dabc05b37faa5ebc0edda2d0b71a2b03878e146c,039b62096708cde7517e6421cb47f6d89c1faa5ba826414de1e8bf62e3e5f24b,audio/53d5a2bf57.wav,audio/53d5a2bf57.wav,slr54,L2_b,L2,linguistic_rules,6fe608b8973d86f985c53419657b50e905207f4a0e0756e432c38f76d4f8630a,"You are a verbatim transcription system for Nepali speech.
Rules:
1. Write Nepali in Devanagari.
2. Write English words in Latin script.
3. Preserve Nepali-English code-switching in the spoken order.
4. Do not translate.
5. Keep fillers, repetitions, corrections, false starts, and incomplete words.
6. Do not correct grammar or normalize wording.
7. Do not guess inaudible words.
8. Add no timestamps, speaker labels, explanations, or confidence scores.
9. Output only the transcription.
10. Write spoken numbers as Nepali words, not digits.",audio/53d5a2bf57.wav,/kaggle/input/datasets/panditaadarsh/oslr54-50-utt/oslr54/audio/53d5a2bf57.wav,जङ्गबहादुरले आफ्ना कट्टर,जङ्गबहादुरले आफ्ना कट्टर,जङ्गबहादुरले आफ्ना कट्टर,8.0,success,जंग बहादुरले आफ्नो कटर,जंग बहादुरले आफ्नो कटर,जंग बहादुरले आफ्नो कटर,13,3.5083,0.4385,,,2026-08-14T13:52:40.358243+00:00,ok,1.3333333333333333,0.25,0,3,0,1,3,4,18,4,2,0,24,6,4,1.3333,0.3333,False,False,False,False,,True
mistralai/Voxtral-Mini-3B-2507,main,3060fe34b35ba5d44202ce9ff3c097642914f8f3,1fcb17498781e52634f57ec1dabc05b37faa5ebc0edda2d0b71a2b03878e146c,039b62096708cde7517e6421cb47f6d89c1faa5ba826414de1e8bf62e3e5f24b,audio/53d5a2bf57.wav,audio/53d5a2bf57.wav,slr54,L2_d,L2,linguistic_nepali,e9f3e0193e8c25070a1966ea8419717e1da498cbc875300ff3da7a397a41e92c,"You are a verbatim transcription system for Nepali speech.

नेपाली अडियोमा बोलेको कुरा जस्ताको तस्तै लेख्नुहोस्।

Rules:
1. नेपाली शब्दहरू देवनागरी लिपिमा लेख्नुहोस्।
2. सुनिएको शब्दलाई अनुवाद वा अर्थ परिवर्तन नगरी जस्ताको तस्तै लेख्नुहोस्।
3. English words spoken in the audio must remain in Latin script.
4. नेपाली र English मिसिएको भए बोलेको क्रममै code-switching सुरक्षित राख्नुहोस्।
5. अँ, अहँ, उम्, ए, हैन जस्ता सुनिएका fillers र discourse words नहटाउनुहोस्।
6. दोहोरिएका शब्द, अधुरा शब्द, false starts र speaker corrections जस्ताको तस्तै राख्नुहोस्।
7. व्याकरण, उच्चारण वा बोल्ने शैलीलाई 'सुधारेर' मानक नेपाली नबनाउनुहोस्।
8. अस्पष्ट वा नसुनिएको शब्द अनुमान गरेर नलेख्नुहोस्।
9. बोलेका सङ्ख्या शब्दका रूपमा लेख्नुहोस्, जस्तै एक, दुई, तीन; digits प्रयोग नगर्नुहोस्।
10. कुनै explanation, timestamp, speaker label वा अतिरिक्त text नदिनुहोस्।

Output only the transcription.",audio/53d5a2bf57.wav,/kaggle/input/datasets/panditaadarsh/oslr54-50-utt/oslr54/audio/53d5a2bf57.wav,जङ्गबहादुरले आफ्ना कट्टर,जङ्गबहादुरले आफ्ना कट्टर,जङ्गबहादुरले आफ्ना कट्टर,8.0,success,जंग बहादुरले अपना कटर,जंग बहादुरले अपना कटर,जंग बहादुरले अपना कटर,10,4.2926,0.5366,,,2026-08-14T13:52:43.884280+00:00,ok,1.3333333333333333,0.3333333333333333,0,3,0,1,3,4,16,5,3,0,24,8,4,1.3333,0.3333,False,False,False,False,,True
mistralai/Voxtral-Mini-3B-2507,main,3060fe34b35ba5d44202ce9ff3c097642914f8f3,1fcb17498781e52634f57ec1dabc05b37faa5ebc0edda2d0b71a2b03878e146c,039b62096708cde7517e6421cb47f6d89c1faa5ba826414de1e8bf62e3e5f24b,audio/53d5a2bf57.wav,audio/53d5a2bf57.wav,slr54,L2_i,L2,final,f1b798e1d028b45d88f956b0d5e7e10a571bda691f13a54607505a3fbf667bfa,"You are a verbatim transcription system for Nepali speech.

नेपाली अडियोमा बोलेको कुरा जस्ताको तस्तै लेख्नुहोस्।

Rules:
1. नेपाली शब्दहरू देवनागरी लिपिमा लेख्नुहोस्।
2. जे सुनिन्छ त्यही लेख्नुहोस्। अनुवाद, सारांश वा व्याख्या नगर्नुहोस्। अस्पष्ट नेपाली speech भए आफ्नो उत्तम ध्वन्यात्मक अनुमान देवनागरीमा लेख्नुहोस्।
3. English words, names, acronyms र technical terms लाई Latin script मै राख्नुहोस्; देवनागरीमा transliterate नगर्नुहोस्।
4. नेपाली-English code-switching बोलेको स्थान र क्रममै राख्नुहोस्।
5. बोलेका सङ्ख्या digits मा नलेखी शब्दका रूपमा लेख्नुहोस्।
6. fillers, repetitions, corrections र incomplete words जस्ताको तस्तै राख्नुहोस्।
7. grammar वा wording सुधार वा normalize नगर्नुहोस्।
8. explanation, timestamp, speaker label वा अतिरिक्त text नदिनुहोस्।

Output only the transcription.",audio/53d5a2bf57.wav,/kaggle/input/datasets/panditaadarsh/oslr54-50-utt/oslr54/audio/53d5a2bf57.wav,जङ्गबहादुरले आफ्ना कट्टर,जङ्गबहादुरले आफ्ना कट्टर,जङ्गबहादुरले आफ्ना कट्टर,8.0,success,जंग बहादुरले आफ्नो कटर,जंग बहादुरले आफ्नो कटर,जंग बहादुरले आफ्नो कटर,13,4.2037,0.5255,,,2026-08-14T13:52:48.194563+00:00,ok,1.3333333333333333,0.25,0,3,0,1,3,4,18,4,2,0,24,6,4,1.3333,0.3333,False,False,False,False,,True
mistralai/Voxtral-Mini-3B-2507,main,3060fe34b35ba5d44202ce9ff3c097642914f8f3,1fcb17498781e52634f57ec1dabc05b37faa5ebc0edda2d0b71a2b03878e146c,039b62096708cde7517e6421cb47f6d89c1faa5ba826414de1e8bf62e3e5f24b,audio/560c9fe8c2.wav,audio/560c9fe8c2.wav,slr54,L2_a,L2,linguistic_paragraph,69fbc435aab89329dd9373149c58e54e0dc717e36aca3f87fd966c840d9fb4d5,"Transcribe the spoken Nepali audio verbatim in Devanagari script. Preserve any English words in Latin script and keep Nepali-English code-switching in the spoken order. Do not translate between languages. Keep fillers, repetitions, corrections, false starts, and incomplete words. Do not correct grammar or normalize the speaker's wording. Do not infer inaudible words. Do not add timestamps, speaker labels, explanations, or confidence scores. Return only the transcription.",audio/560c9fe8c2.wav,/kaggle/input/datasets/panditaadarsh/oslr54-50-utt/oslr54/audio/560c9fe8c2.wav,यो पत्रिकाको सम्पादन कार्य कमलद्वारा भएको छ।,यो पत्रिकाको सम्पादन कार्य कमलद्वारा भएको छ,यो पत्रिकाको सम्पादन कार्य कमलद्वारा भएको छ,7.2,success,यो पत्रिका को सम्पादन कार्य कमल द्वारा भएको छ।,यो पत्रिका को सम्पादन कार्य कमल द्वारा भएको छ।,यो पत्रिका को सम्पादन कार्य कमल द्वारा भएको छ,19,3.7851,0.5257,,,2026-08-14T13:52:52.416659+00:00,ok,0.5714285714285714,0.046511627906976744,5,2,0,2,7,4,43,0,0,2,43,2,9,1.2857,0.2857,False,False,False,False,,True
mistralai/Voxtral-Mini-3B-2507,main,3060fe34b35ba5d44202ce9ff3c097642914f8f3,1fcb17498781e52634f57ec1dabc05b37faa5ebc0edda2d0b71a2b03878e146c,039b62096708cde7517e6421cb47f6d89c1faa5ba826414de1e8bf62e3e5f24b,audio/560c9fe8c2.wav,audio/560c9fe8c2.wav,slr54,L2_b,L2,linguistic_rules,6fe608b8973d86f985c53419657b50e905207f4a0e0756e432c38f76d4f8630a,"You are a verbatim transcription system for Nepali speech.
Rules:
1. Write Nepali in Devanagari.
2. Write English words in Latin script.
3. Preserve Nepali-English code-switching in the spoken order.
4. Do not translate.
5. Keep fillers, repetitions, corrections, false starts, and incomplete words.
6. Do not correct grammar or normalize wording.
7. Do not guess inaudible words.
8. Add no timestamps, speaker labels, explanations, or confidence scores.
9. Output only the transcription.
10. Write spoken numbers as Nepali words, not digits.",audio/560c9fe8c2.wav,/kaggle/input/datasets/panditaadarsh/oslr54-50-utt/oslr54/audio/560c9fe8c2.wav,यो पत्रिकाको सम्पादन कार्य कमलद्वारा भएको छ।,यो पत्रिकाको सम्पादन कार्य कमलद्वारा भएको छ,यो पत्रिकाको सम्पादन कार्य कमलद्वारा भएको छ,7.2,success,यो पत्रिका को सम्पादन कार्य कमल दुआरा भएको छ।,यो पत्रिका को सम्पादन कार्य कमल दुआरा भएको छ।,यो पत्रिका को सम्पादन कार्य कमल दुआरा भएको छ,21,3.9215,0.5446,,,2026-08-14T13:52:56.222851+00:00,ok,0.5714285714285714,0.11627906976744186,5,2,0,2,7,4,40,2,1,2,43,5,9,1.2857,0.2857,False,False,False,False,,True
mistralai/Voxtral-Mini-3B-2507,main,3060fe34b35ba5d44202ce9ff3c097642914f8f3,1fcb17498781e52634f57ec1dabc05b37faa5ebc0edda2d0b71a2b03878e146c,039b62096708cde7517e6421cb47f6d89c1faa5ba826414de1e8bf62e3e5f24b,audio/560c9fe8c2.wav,audio/560c9fe8c2.wav,slr54,L2_d,L2,linguistic_nepali,e9f3e0193e8c25070a1966ea8419717e1da498cbc875300ff3da7a397a41e92c,"You are a verbatim transcription system for Nepali speech.

नेपाली अडियोमा बोलेको कुरा जस्ताको तस्तै लेख्नुहोस्।

Rules:
1. नेपाली शब्दहरू देवनागरी लिपिमा लेख्नुहोस्।
2. सुनिएको शब्दलाई अनुवाद वा अर्थ परिवर्तन नगरी जस्ताको तस्तै लेख्नुहोस्।
3. English words spoken in the audio must remain in Latin script.
4. नेपाली र English मिसिएको भए बोलेको क्रममै code-switching सुरक्षित राख्नुहोस्।
5. अँ, अहँ, उम्, ए, हैन जस्ता सुनिएका fillers र discourse words नहटाउनुहोस्।
6. दोहोरिएका शब्द, अधुरा शब्द, false starts र speaker corrections जस्ताको तस्तै राख्नुहोस्।
7. व्याकरण, उच्चारण वा बोल्ने शैलीलाई 'सुधारेर' मानक नेपाली नबनाउनुहोस्।
8. अस्पष्ट वा नसुनिएको शब्द अनुमान गरेर नलेख्नुहोस्।
9. बोलेका सङ्ख्या शब्दका रूपमा लेख्नुहोस्, जस्तै एक, दुई, तीन; digits प्रयोग नगर्नुहोस्।
10. कुनै explanation, timestamp, speaker label वा अतिरिक्त text नदिनुहोस्।

Output only the transcription.",audio/560c9fe8c2.wav,/kaggle/input/datasets/panditaadarsh/oslr54-50-utt/oslr54/audio/560c9fe8c2.wav,यो पत्रिकाको सम्पादन कार्य कमलद्वारा भएको छ।,यो पत्रिकाको सम्पादन कार्य कमलद्वारा भएको छ,यो पत्रिकाको सम्पादन कार्य कमलद्वारा भएको छ,7.2,success,यो पत्रिका को सम्पादन कार्य कमल दुआरा भएको छ।,यो पत्रिका को सम्पादन कार्य कमल दुआरा भएको छ।,यो पत्रिका को सम्पादन कार्य कमल दुआरा भएको छ,21,4.8174,0.6691,,,2026-08-14T13:53:00.161809+00:00,ok,0.5714285714285714,0.11627906976744186,5,2,0,2,7,4,40,2,1,2,43,5,9,1.2857,0.2857,False,False,False,False,,True
mistralai/Voxtral-Mini-3B-2507,main,3060fe34b35ba5d44202ce9ff3c097642914f8f3,1fcb17498781e52634f57ec1dabc05b37faa5ebc0edda2d0b71a2b03878e146c,039b62096708cde7517e6421cb47f6d89c1faa5ba826414de1e8bf62e3e5f24b,audio/560c9fe8c2.wav,audio/560c9fe8c2.wav,slr54,L2_i,L2,final,f1b798e1d028b45d88f956b0d5e7e10a571bda691f13a54607505a3fbf667bfa,"You are a verbatim transcription system for Nepali speech.

नेपाली अडियोमा बोलेको कुरा जस्ताको तस्तै लेख्नुहोस्।

Rules:
1. नेपाली शब्दहरू देवनागरी लिपिमा लेख्नुहोस्।
2. जे सुनिन्छ त्यही लेख्नुहोस्। अनुवाद, सारांश वा व्याख्या नगर्नुहोस्। अस्पष्ट नेपाली speech भए आफ्नो उत्तम ध्वन्यात्मक अनुमान देवनागरीमा लेख्नुहोस्।
3. English words, names, acronyms र technical terms लाई Latin script मै राख्नुहोस्; देवनागरीमा transliterate नगर्नुहोस्।
4. नेपाली-English code-switching बोलेको स्थान र क्रममै राख्नुहोस्।
5. बोलेका सङ्ख्या digits मा नलेखी शब्दका रूपमा लेख्नुहोस्।
6. fillers, repetitions, corrections र incomplete words जस्ताको तस्तै राख्नुहोस्।
7. grammar वा wording सुधार वा normalize नगर्नुहोस्।
8. explanation, timestamp, speaker label वा अतिरिक्त text नदिनुहोस्।

Output only the transcription.",audio/560c9fe8c2.wav,/kaggle/input/datasets/panditaadarsh/oslr54-50-utt/oslr54/audio/560c9fe8c2.wav,यो पत्रिकाको सम्पादन कार्य कमलद्वारा भएको छ।,यो पत्रिकाको सम्पादन कार्य कमलद्वारा भएको छ,यो पत्रिकाको सम्पादन कार्य कमलद्वारा भएको छ,7.2,success,यो पत्रिका को सम्पादन कार्य कमल दुआरा भएको छ।,यो पत्रिका को सम्पादन कार्य कमल दुआरा भएको छ।,यो पत्रिका को सम्पादन कार्य कमल दुआरा भएको छ,21,4.6131,0.6407,,,2026-08-14T13:53:04.997761+00:00,ok,0.5714285714285714,0.11627906976744186,5,2,0,2,7,4,40,2,1,2,43,5,9,1.2857,0.2857,False,False,False,False,,True
mistralai/Voxtral-Mini-3B-2507,main,3060fe34b35ba5d44202ce9ff3c097642914f8f3,1fcb17498781e52634f57ec1dabc05b37faa5ebc0edda2d0b71a2b03878e146c,039b62096708cde7517e6421cb47f6d89c1faa5ba826414de1e8bf62e3e5f24b,audio/5359e0c028.wav,audio/5359e0c028.wav,slr54,L2_a,L2,linguistic_paragraph,69fbc435aab89329dd9373149c58e54e0dc717e36aca3f87fd966c840d9fb4d5,"Transcribe the spoken Nepali audio verbatim in Devanagari script. Preserve any English words in Latin script and keep Nepali-English code-switching in the spoken order. Do not translate between languages. Keep fillers, repetitions, corrections, false starts, and incomplete words. Do not correct grammar or normalize the speaker's wording. Do not infer inaudible words. Do not add timestamps, speaker labels, explanations, or confidence scores. Return only the transcription.",audio/5359e0c028.wav,/kaggle/input/datasets/panditaadarsh/oslr54-50-utt/oslr54/audio/5359e0c028.wav,भई बढी गुल्जार,भई बढी गुल्जार,भई बढी गुल्जार,4.2,success,वही बड़ी गुलजार।,वही बड़ी गुलजार।,वही बड़ी गुलजार,9,3.3065,0.7873,,,2026-08-14T13:53:09.633583+00:00,ok,1.0,0.42857142857142855,0,3,0,0,3,3,10,3,1,2,14,6,3,1.0,0.0,False,False,False,False,,True
mistralai/Voxtral-Mini-3B-2507,main,3060fe34b35ba5d44202ce9ff3c097642914f8f3,1fcb17498781e52634f57ec1dabc05b37faa5ebc0edda2d0b71a2b03878e146c,039b62096708cde7517e6421cb47f6d89c1faa5ba826414de1e8bf62e3e5f24b,audio/5359e0c028.wav,audio/5359e0c028.wav,slr54,L2_b,L2,linguistic_rules,6fe608b8973d86f985c53419657b50e905207f4a0e0756e432c38f76d4f8630a,"You are a verbatim transcription system for Nepali speech.
Rules:
1. Write Nepali in Devanagari.
2. Write English words in Latin script.
3. Preserve Nepali-English code-switching in the spoken order.
4. Do not translate.
5. Keep fillers, repetitions, corrections, false starts, and incomplete words.
6. Do not correct grammar or normalize wording.
7. Do not guess inaudible words.
8. Add no timestamps, speaker labels, explanations, or confidence scores.
9. Output only the transcription.
10. Write spoken numbers as Nepali words, not digits.",audio/5359e0c028.wav,/kaggle/input/datasets/panditaadarsh/oslr54-50-utt/oslr54/audio/5359e0c028.wav,भई बढी गुल्जार,भई बढी गुल्जार,भई बढी गुल्जार,4.2,success,वही बड़ी गुलजार।,वही बड़ी गुलजार।,वही बड़ी गुलजार,9,3.3395,0.7951,,,2026-08-14T13:53:12.959147+00:00,ok,1.0,0.42857142857142855,0,3,0,0,3,3,10,3,1,2,14,6,3,1.0,0.0,False,False,False,False,,True
mistralai/Voxtral-Mini-3B-2507,main,3060fe34b35ba5d44202ce9ff3c097642914f8f3,1fcb17498781e52634f57ec1dabc05b37faa5ebc0edda2d0b71a2b03878e146c,039b62096708cde7517e6421cb47f6d89c1faa5ba826414de1e8bf62e3e5f24b,audio/5359e0c028.wav,audio/5359e0c028.wav,slr54,L2_d,L2,linguistic_nepali,e9f3e0193e8c25070a1966ea8419717e1da498cbc875300ff3da7a397a41e92c,"You are a verbatim transcription system for Nepali speech.

नेपाली अडियोमा बोलेको कुरा जस्ताको तस्तै लेख्नुहोस्।

Rules:
1. नेपाली शब्दहरू देवनागरी लिपिमा लेख्नुहोस्।
2. सुनिएको शब्दलाई अनुवाद वा अर्थ परिवर्तन नगरी जस्ताको तस्तै लेख्नुहोस्।
3. English words spoken in the audio must remain in Latin script.
4. नेपाली र English मिसिएको भए बोलेको क्रममै code-switching सुरक्षित राख्नुहोस्।
5. अँ, अहँ, उम्, ए, हैन जस्ता सुनिएका fillers र discourse words नहटाउनुहोस्।
6. दोहोरिएका शब्द, अधुरा शब्द, false starts र speaker corrections जस्ताको तस्तै राख्नुहोस्।
7. व्याकरण, उच्चारण वा बोल्ने शैलीलाई 'सुधारेर' मानक नेपाली नबनाउनुहोस्।
8. अस्पष्ट वा नसुनिएको शब्द अनुमान गरेर नलेख्नुहोस्।
9. बोलेका सङ्ख्या शब्दका रूपमा लेख्नुहोस्, जस्तै एक, दुई, तीन; digits प्रयोग नगर्नुहोस्।
10. कुनै explanation, timestamp, speaker label वा अतिरिक्त text नदिनुहोस्।

Output only the transcription.",audio/5359e0c028.wav,/kaggle/input/datasets/panditaadarsh/oslr54-50-utt/oslr54/audio/5359e0c028.wav,भई बढी गुल्जार,भई बढी गुल्जार,भई बढी गुल्जार,4.2,success,वही बड़ी गुलजार।,वही बड़ी गुलजार।,वही बड़ी गुलजार,9,4.254,1.0129,,,2026-08-14T13:53:16.314667+00:00,ok,1.0,0.42857142857142855,0,3,0,0,3,3,10,3,1,2,14,6,3,1.0,0.0,False,False,False,False,,True
mistralai/Voxtral-Mini-3B-2507,main,3060fe34b35ba5d44202ce9ff3c097642914f8f3,1fcb17498781e52634f57ec1dabc05b37faa5ebc0edda2d0b71a2b03878e146c,039b62096708cde7517e6421cb47f6d89c1faa5ba826414de1e8bf62e3e5f24b,audio/5359e0c028.wav,audio/5359e0c028.wav,slr54,L2_i,L2,final,f1b798e1d028b45d88f956b0d5e7e10a571bda691f13a54607505a3fbf667bfa,"You are a verbatim transcription system for Nepali speech.

नेपाली अडियोमा बोलेको कुरा जस्ताको तस्तै लेख्नुहोस्।

Rules:
1. नेपाली शब्दहरू देवनागरी लिपिमा लेख्नुहोस्।
2. जे सुनिन्छ त्यही लेख्नुहोस्। अनुवाद, सारांश वा व्याख्या नगर्नुहोस्। अस्पष्ट नेपाली speech भए आफ्नो उत्तम ध्वन्यात्मक अनुमान देवनागरीमा लेख्नुहोस्।
3. English words, names, acronyms र technical terms लाई Latin script मै राख्नुहोस्; देवनागरीमा transliterate नगर्नुहोस्।
4. नेपाली-English code-switching बोलेको स्थान र क्रममै राख्नुहोस्।
5. बोलेका सङ्ख्या digits मा नलेखी शब्दका रूपमा लेख्नुहोस्।
6. fillers, repetitions, corrections र incomplete words जस्ताको तस्तै राख्नुहोस्।
7. grammar वा wording सुधार वा normalize नगर्नुहोस्।
8. explanation, timestamp, speaker label वा अतिरिक्त text नदिनुहोस्।

Output only the transcription.",audio/5359e0c028.wav,/kaggle/input/datasets/panditaadarsh/oslr54-50-utt/oslr54/audio/5359e0c028.wav,भई बढी गुल्जार,भई बढी गुल्जार,भई बढी गुल्जार,4.2,success,वही बड़ी गुलजार।,वही बड़ी गुलजार।,वही बड़ी गुलजार,9,4.0038,0.9533,,,2026-08-14T13:53:20.584930+00:00,ok,1.0,0.42857142857142855,0,3,0,0,3,3,10,3,1,2,14,6,3,1.0,0.0,False,False,False,False,,True
mistralai/Voxtral-Mini-3B-2507,main,3060fe34b35ba5d44202ce9ff3c097642914f8f3,1fcb17498781e52634f57ec1dabc05b37faa5ebc0edda2d0b71a2b03878e146c,039b62096708cde7517e6421cb47f6d89c1faa5ba826414de1e8bf62e3e5f24b,audio/5e42fba23c.wav,audio/5e42fba23c.wav,slr54,L2_a,L2,linguistic_paragraph,69fbc435aab89329dd9373149c58e54e0dc717e36aca3f87fd966c840d9fb4d5,"Transcribe the spoken Nepali audio verbatim in Devanagari script. Preserve any English words in Latin script and keep Nepali-English code-switching in the spoken order. Do not translate between languages. Keep fillers, repetitions, corrections, false starts, and incomplete words. Do not correct grammar or normalize the speaker's wording. Do not infer inaudible words. Do not add timestamps, speaker labels, explanations, or confidence scores. Return only the transcription.",audio/5e42fba23c.wav,/kaggle/input/datasets/panditaadarsh/oslr54-50-utt/oslr54/audio/5e42fba23c.wav,पनि हुने गर्दछ,पनि हुने गर्दछ,पनि हुने गर्दछ,3.2,success,पानी होने गर्दा,पानी होने गर्दा,पानी होने गर्दा,7,3.2275,1.0086,,,2026-08-14T13:53:24.604586+00:00,ok,1.0,0.2857142857142857,0,3,0,0,3,3,11,3,0,1,14,4,3,1.0,0.0,False,False,False,False,,True
mistralai/Voxtral-Mini-3B-2507,main,3060fe34b35ba5d44202ce9ff3c097642914f8f3,1fcb17498781e52634f57ec1dabc05b37faa5ebc0edda2d0b71a2b03878e146c,039b62096708cde7517e6421cb47f6d89c1faa5ba826414de1e8bf62e3e5f24b,audio/5e42fba23c.wav,audio/5e42fba23c.wav,slr54,L2_b,L2,linguistic_rules,6fe608b8973d86f985c53419657b50e905207f4a0e0756e432c38f76d4f8630a,"You are a verbatim transcription system for Nepali speech.
Rules:
1. Write Nepali in Devanagari.
2. Write English words in Latin script.
3. Preserve Nepali-English code-switching in the spoken order.
4. Do not translate.
5. Keep fillers, repetitions, corrections, false starts, and incomplete words.
6. Do not correct grammar or normalize wording.
7. Do not guess inaudible words.
8. Add no timestamps, speaker labels, explanations, or confidence scores.
9. Output only the transcription.
10. Write spoken numbers as Nepali words, not digits.",audio/5e42fba23c.wav,/kaggle/input/datasets/panditaadarsh/oslr54-50-utt/oslr54/audio/5e42fba23c.wav,पनि हुने गर्दछ,पनि हुने गर्दछ,पनि हुने गर्दछ,3.2,success,पानी हुने गर्दा,पानी हुने गर्दा,पानी हुने गर्दा,9,3.3371,1.0428,,,2026-08-14T13:53:27.854599+00:00,ok,0.6666666666666666,0.21428571428571427,1,2,0,0,3,2,12,2,0,1,14,3,3,1.0,0.0,False,False,False,False,,True
mistralai/Voxtral-Mini-3B-2507,main,3060fe34b35ba5d44202ce9ff3c097642914f8f3,1fcb17498781e52634f57ec1dabc05b37faa5ebc0edda2d0b71a2b03878e146c,039b62096708cde7517e6421cb47f6d89c1faa5ba826414de1e8bf62e3e5f24b,audio/5e42fba23c.wav,audio/5e42fba23c.wav,slr54,L2_d,L2,linguistic_nepali,e9f3e0193e8c25070a1966ea8419717e1da498cbc875300ff3da7a397a41e92c,"You are a verbatim transcription system for Nepali speech.

नेपाली अडियोमा बोलेको कुरा जस्ताको तस्तै लेख्नुहोस्।

Rules:
1. नेपाली शब्दहरू देवनागरी लिपिमा लेख्नुहोस्।
2. सुनिएको शब्दलाई अनुवाद वा अर्थ परिवर्तन नगरी जस्ताको तस्तै लेख्नुहोस्।
3. English words spoken in the audio must remain in Latin script.
4. नेपाली र English मिसिएको भए बोलेको क्रममै code-switching सुरक्षित राख्नुहोस्।
5. अँ, अहँ, उम्, ए, हैन जस्ता सुनिएका fillers र discourse words नहटाउनुहोस्।
6. दोहोरिएका शब्द, अधुरा शब्द, false starts र speaker corrections जस्ताको तस्तै राख्नुहोस्।
7. व्याकरण, उच्चारण वा बोल्ने शैलीलाई 'सुधारेर' मानक नेपाली नबनाउनुहोस्।
8. अस्पष्ट वा नसुनिएको शब्द अनुमान गरेर नलेख्नुहोस्।
9. बोलेका सङ्ख्या शब्दका रूपमा लेख्नुहोस्, जस्तै एक, दुई, तीन; digits प्रयोग नगर्नुहोस्।
10. कुनै explanation, timestamp, speaker label वा अतिरिक्त text नदिनुहोस्।

Output only the transcription.",audio/5e42fba23c.wav,/kaggle/input/datasets/panditaadarsh/oslr54-50-utt/oslr54/audio/5e42fba23c.wav,पनि हुने गर्दछ,पनि हुने गर्दछ,पनि हुने गर्दछ,3.2,success,पानी हुने गर्दा,पानी हुने गर्दा,पानी हुने गर्दा,9,4.2471,1.3272,,,2026-08-14T13:53:31.208618+00:00,ok,0.6666666666666666,0.21428571428571427,1,2,0,0,3,2,12,2,0,1,14,3,3,1.0,0.0,False,False,False,False,,True
mistralai/Voxtral-Mini-3B-2507,main,3060fe34b35ba5d44202ce9ff3c097642914f8f3,1fcb17498781e52634f57ec1dabc05b37faa5ebc0edda2d0b71a2b03878e146c,039b62096708cde7517e6421cb47f6d89c1faa5ba826414de1e8bf62e3e5f24b,audio/5e42fba23c.wav,audio/5e42fba23c.wav,slr54,L2_i,L2,final,f1b798e1d028b45d88f956b0d5e7e10a571bda691f13a54607505a3fbf667bfa,"You are a verbatim transcription system for Nepali speech.

नेपाली अडियोमा बोलेको कुरा जस्ताको तस्तै लेख्नुहोस्।

Rules:
1. नेपाली शब्दहरू देवनागरी लिपिमा लेख्नुहोस्।
2. जे सुनिन्छ त्यही लेख्नुहोस्। अनुवाद, सारांश वा व्याख्या नगर्नुहोस्। अस्पष्ट नेपाली speech भए आफ्नो उत्तम ध्वन्यात्मक अनुमान देवनागरीमा लेख्नुहोस्।
3. English words, names, acronyms र technical terms लाई Latin script मै राख्नुहोस्; देवनागरीमा transliterate नगर्नुहोस्।
4. नेपाली-English code-switching बोलेको स्थान र क्रममै राख्नुहोस्।
5. बोलेका सङ्ख्या digits मा नलेखी शब्दका रूपमा लेख्नुहोस्।
6. fillers, repetitions, corrections र incomplete words जस्ताको तस्तै राख्नुहोस्।
7. grammar वा wording सुधार वा normalize नगर्नुहोस्।
8. explanation, timestamp, speaker label वा अतिरिक्त text नदिनुहोस्।

Output only the transcription.",audio/5e42fba23c.wav,/kaggle/input/datasets/panditaadarsh/oslr54-50-utt/oslr54/audio/5e42fba23c.wav,पनि हुने गर्दछ,पनि हुने गर्दछ,पनि हुने गर्दछ,3.2,success,पानी हुने गर्दा,पानी हुने गर्दा,पानी हुने गर्दा,9,3.9843,1.2451,,,2026-08-14T13:53:35.472302+00:00,ok,0.6666666666666666,0.21428571428571427,1,2,0,0,3,2,12,2,0,1,14,3,3,1.0,0.0,False,False,False,False,,True
mistralai/Voxtral-Mini-3B-2507,main,3060fe34b35ba5d44202ce9ff3c097642914f8f3,1fcb17498781e52634f57ec1dabc05b37faa5ebc0edda2d0b71a2b03878e146c,039b62096708cde7517e6421cb47f6d89c1faa5ba826414de1e8bf62e3e5f24b,audio/52c1c7b22e.wav,audio/52c1c7b22e.wav,slr54,L2_a,L2,linguistic_paragraph,69fbc435aab89329dd9373149c58e54e0dc717e36aca3f87fd966c840d9fb4d5,"Transcribe the spoken Nepali audio verbatim in Devanagari script. Preserve any English words in Latin script and keep Nepali-English code-switching in the spoken order. Do not translate between languages. Keep fillers, repetitions, corrections, false starts, and incomplete words. Do not correct grammar or normalize the speaker's wording. Do not infer inaudible words. Do not add timestamps, speaker labels, explanations, or confidence scores. Return only the transcription.",audio/52c1c7b22e.wav,/kaggle/input/datasets/panditaadarsh/oslr54-50-utt/oslr54/audio/52c1c7b22e.wav,छ महिनाभित्र,छ महिनाभित्र,छ महिनाभित्र,2.0,success,छह महिना बितेको छ।,छह महिना बितेको छ।,छह महिना बितेको छ,11,3.4185,1.7093,,,2026-08-14T13:53:39.472358+00:00,ok,2.0,0.6666666666666666,1,0,1,3,2,4,9,3,0,5,12,8,4,2.0,1.5,False,False,False,True,insertion_rate>1.0,True
mistralai/Voxtral-Mini-3B-2507,main,3060fe34b35ba5d44202ce9ff3c097642914f8f3,1fcb17498781e52634f57ec1dabc05b37faa5ebc0edda2d0b71a2b03878e146c,039b62096708cde7517e6421cb47f6d89c1faa5ba826414de1e8bf62e3e5f24b,audio/52c1c7b22e.wav,audio/52c1c7b22e.wav,slr54,L2_b,L2,linguistic_rules,6fe608b8973d86f985c53419657b50e905207f4a0e0756e432c38f76d4f8630a,"You are a verbatim transcription system for Nepali speech.
Rules:
1. Write Nepali in Devanagari.
2. Write English words in Latin script.
3. Preserve Nepali-English code-switching in the spoken order.
4. Do not translate.
5. Keep fillers, repetitions, corrections, false starts, and incomplete words.
6. Do not correct grammar or normalize wording.
7. Do not guess inaudible words.
8. Add no timestamps, speaker labels, explanations, or confidence scores.
9. Output only the transcription.
10. Write spoken numbers as Nepali words, not digits.",audio/52c1c7b22e.wav,/kaggle/input/datasets/panditaadarsh/oslr54-50-utt/oslr54/audio/52c1c7b22e.wav,छ महिनाभित्र,छ महिनाभित्र,छ महिनाभित्र,2.0,success,छह महिना बितिरा।,छह महिना बितिरा।,छह महिना बितिरा,10,3.3996,1.6998,,,2026-08-14T13:53:42.911523+00:00,ok,1.5,0.4166666666666667,0,2,0,1,2,3,10,2,0,3,12,5,3,1.5,0.5,False,False,False,False,,True
mistralai/Voxtral-Mini-3B-2507,main,3060fe34b35ba5d44202ce9ff3c097642914f8f3,1fcb17498781e52634f57ec1dabc05b37faa5ebc0edda2d0b71a2b03878e146c,039b62096708cde7517e6421cb47f6d89c1faa5ba826414de1e8bf62e3e5f24b,audio/52c1c7b22e.wav,audio/52c1c7b22e.wav,slr54,L2_d,L2,linguistic_nepali,e9f3e0193e8c25070a1966ea8419717e1da498cbc875300ff3da7a397a41e92c,"You are a verbatim transcription system for Nepali speech.

नेपाली अडियोमा बोलेको कुरा जस्ताको तस्तै लेख्नुहोस्।

Rules:
1. नेपाली शब्दहरू देवनागरी लिपिमा लेख्नुहोस्।
2. सुनिएको शब्दलाई अनुवाद वा अर्थ परिवर्तन नगरी जस्ताको तस्तै लेख्नुहोस्।
3. English words spoken in the audio must remain in Latin script.
4. नेपाली र English मिसिएको भए बोलेको क्रममै code-switching सुरक्षित राख्नुहोस्।
5. अँ, अहँ, उम्, ए, हैन जस्ता सुनिएका fillers र discourse words नहटाउनुहोस्।
6. दोहोरिएका शब्द, अधुरा शब्द, false starts र speaker corrections जस्ताको तस्तै राख्नुहोस्।
7. व्याकरण, उच्चारण वा बोल्ने शैलीलाई 'सुधारेर' मानक नेपाली नबनाउनुहोस्।
8. अस्पष्ट वा नसुनिएको शब्द अनुमान गरेर नलेख्नुहोस्।
9. बोलेका सङ्ख्या शब्दका रूपमा लेख्नुहोस्, जस्तै एक, दुई, तीन; digits प्रयोग नगर्नुहोस्।
10. कुनै explanation, timestamp, speaker label वा अतिरिक्त text नदिनुहोस्।

Output only the transcription.",audio/52c1c7b22e.wav,/kaggle/input/datasets/panditaadarsh/oslr54-50-utt/oslr54/audio/52c1c7b22e.wav,छ महिनाभित्र,छ महिनाभित्र,छ महिनाभित्र,2.0,success,छह महिना बितेको छ।,छह महिना बितेको छ।,छह महिना बितेको छ,11,4.3449,2.1724,,,2026-08-14T13:53:46.324958+00:00,ok,2.0,0.6666666666666666,1,0,1,3,2,4,9,3,0,5,12,8,4,2.0,1.5,False,False,False,True,insertion_rate>1.0,True
mistralai/Voxtral-Mini-3B-2507,main,3060fe34b35ba5d44202ce9ff3c097642914f8f3,1fcb17498781e52634f57ec1dabc05b37faa5ebc0edda2d0b71a2b03878e146c,039b62096708cde7517e6421cb47f6d89c1faa5ba826414de1e8bf62e3e5f24b,audio/52c1c7b22e.wav,audio/52c1c7b22e.wav,slr54,L2_i,L2,final,f1b798e1d028b45d88f956b0d5e7e10a571bda691f13a54607505a3fbf667bfa,"You are a verbatim transcription system for Nepali speech.

नेपाली अडियोमा बोलेको कुरा जस्ताको तस्तै लेख्नुहोस्।

Rules:
1. नेपाली शब्दहरू देवनागरी लिपिमा लेख्नुहोस्।
2. जे सुनिन्छ त्यही लेख्नुहोस्। अनुवाद, सारांश वा व्याख्या नगर्नुहोस्। अस्पष्ट नेपाली speech भए आफ्नो उत्तम ध्वन्यात्मक अनुमान देवनागरीमा लेख्नुहोस्।
3. English words, names, acronyms र technical terms लाई Latin script मै राख्नुहोस्; देवनागरीमा transliterate नगर्नुहोस्।
4. नेपाली-English code-switching बोलेको स्थान र क्रममै राख्नुहोस्।
5. बोलेका सङ्ख्या digits मा नलेखी शब्दका रूपमा लेख्नुहोस्।
6. fillers, repetitions, corrections र incomplete words जस्ताको तस्तै राख्नुहोस्।
7. grammar वा wording सुधार वा normalize नगर्नुहोस्।
8. explanation, timestamp, speaker label वा अतिरिक्त text नदिनुहोस्।

Output only the transcription.",audio/52c1c7b22e.wav,/kaggle/input/datasets/panditaadarsh/oslr54-50-utt/oslr54/audio/52c1c7b22e.wav,छ महिनाभित्र,छ महिनाभित्र,छ महिनाभित्र,2.0,success,छा महीना बितिरा।,छा महीना बितिरा।,छा महीना बितिरा,11,4.0954,2.0477,,,2026-08-14T13:53:50.684596+00:00,ok,1.5,0.5,0,2,0,1,2,3,9,3,0,3,12,6,3,1.5,0.5,False,False,False,False,,True
mistralai/Voxtral-Mini-3B-2507,main,3060fe34b35ba5d44202ce9ff3c097642914f8f3,1fcb17498781e52634f57ec1dabc05b37faa5ebc0edda2d0b71a2b03878e146c,039b62096708cde7517e6421cb47f6d89c1faa5ba826414de1e8bf62e3e5f24b,audio/53639c8da3.wav,audio/53639c8da3.wav,slr54,L2_a,L2,linguistic_paragraph,69fbc435aab89329dd9373149c58e54e0dc717e36aca3f87fd966c840d9fb4d5,"Transcribe the spoken Nepali audio verbatim in Devanagari script. Preserve any English words in Latin script and keep Nepali-English code-switching in the spoken order. Do not translate between languages. Keep fillers, repetitions, corrections, false starts, and incomplete words. Do not correct grammar or normalize the speaker's wording. Do not infer inaudible words. Do not add timestamps, speaker labels, explanations, or confidence scores. Return only the transcription.",audio/53639c8da3.wav,/kaggle/input/datasets/panditaadarsh/oslr54-50-utt/oslr54/audio/53639c8da3.wav,त्यसैले यिनले आफ्नो,त्यसैले यिनले आफ्नो,त्यसैले यिनले आफ्नो,3.3,success,देसाएले इन्ले अखनो,देसाएले इन्ले अखनो,देसाएले इन्ले अखनो,13,3.4991,1.0603,,,2026-08-14T13:53:54.795337+00:00,ok,1.0,0.5789473684210527,0,3,0,0,3,3,8,10,1,0,19,11,3,1.0,0.0,False,False,False,False,,True
mistralai/Voxtral-Mini-3B-2507,main,3060fe34b35ba5d44202ce9ff3c097642914f8f3,1fcb17498781e52634f57ec1dabc05b37faa5ebc0edda2d0b71a2b03878e146c,039b62096708cde7517e6421cb47f6d89c1faa5ba826414de1e8bf62e3e5f24b,audio/53639c8da3.wav,audio/53639c8da3.wav,slr54,L2_b,L2,linguistic_rules,6fe608b8973d86f985c53419657b50e905207f4a0e0756e432c38f76d4f8630a,"You are a verbatim transcription system for Nepali speech.
Rules:
1. Write Nepali in Devanagari.
2. Write English words in Latin script.
3. Preserve Nepali-English code-switching in the spoken order.
4. Do not translate.
5. Keep fillers, repetitions, corrections, false starts, and incomplete words.
6. Do not correct grammar or normalize wording.
7. Do not guess inaudible words.
8. Add no timestamps, speaker labels, explanations, or confidence scores.
9. Output only the transcription.
10. Write spoken numbers as Nepali words, not digits.",audio/53639c8da3.wav,/kaggle/input/datasets/panditaadarsh/oslr54-50-utt/oslr54/audio/53639c8da3.wav,त्यसैले यिनले आफ्नो,त्यसैले यिनले आफ्नो,त्यसैले यिनले आफ्नो,3.3,success,देसाएले इन्ले अखनो।,देसाएले इन्ले अखनो।,देसाएले इन्ले अखनो,14,3.5671,1.0809,,,2026-08-14T13:53:58.313726+00:00,ok,1.0,0.5789473684210527,0,3,0,0,3,3,8,10,1,0,19,11,3,1.0,0.0,False,False,False,False,,True
mistralai/Voxtral-Mini-3B-2507,main,3060fe34b35ba5d44202ce9ff3c097642914f8f3,1fcb17498781e52634f57ec1dabc05b37faa5ebc0edda2d0b71a2b03878e146c,039b62096708cde7517e6421cb47f6d89c1faa5ba826414de1e8bf62e3e5f24b,audio/53639c8da3.wav,audio/53639c8da3.wav,slr54,L2_d,L2,linguistic_nepali,e9f3e0193e8c25070a1966ea8419717e1da498cbc875300ff3da7a397a41e92c,"You are a verbatim transcription system for Nepali speech.

नेपाली अडियोमा बोलेको कुरा जस्ताको तस्तै लेख्नुहोस्।

Rules:
1. नेपाली शब्दहरू देवनागरी लिपिमा लेख्नुहोस्।
2. सुनिएको शब्दलाई अनुवाद वा अर्थ परिवर्तन नगरी जस्ताको तस्तै लेख्नुहोस्।
3. English words spoken in the audio must remain in Latin script.
4. नेपाली र English मिसिएको भए बोलेको क्रममै code-switching सुरक्षित राख्नुहोस्।
5. अँ, अहँ, उम्, ए, हैन जस्ता सुनिएका fillers र discourse words नहटाउनुहोस्।
6. दोहोरिएका शब्द, अधुरा शब्द, false starts र speaker corrections जस्ताको तस्तै राख्नुहोस्।
7. व्याकरण, उच्चारण वा बोल्ने शैलीलाई 'सुधारेर' मानक नेपाली नबनाउनुहोस्।
8. अस्पष्ट वा नसुनिएको शब्द अनुमान गरेर नलेख्नुहोस्।
9. बोलेका सङ्ख्या शब्दका रूपमा लेख्नुहोस्, जस्तै एक, दुई, तीन; digits प्रयोग नगर्नुहोस्।
10. कुनै explanation, timestamp, speaker label वा अतिरिक्त text नदिनुहोस्।

Output only the transcription.",audio/53639c8da3.wav,/kaggle/input/datasets/panditaadarsh/oslr54-50-utt/oslr54/audio/53639c8da3.wav,त्यसैले यिनले आफ्नो,त्यसैले यिनले आफ्नो,त्यसैले यिनले आफ्नो,3.3,success,देसाएले इले अखनो।,देसाएले इले अखनो।,देसाएले इले अखनो,12,4.3739,1.3254,,,2026-08-14T13:54:01.899288+00:00,ok,1.0,0.5789473684210527,0,3,0,0,3,3,8,8,3,0,19,11,3,1.0,0.0,False,False,False,False,,True
mistralai/Voxtral-Mini-3B-2507,main,3060fe34b35ba5d44202ce9ff3c097642914f8f3,1fcb17498781e52634f57ec1dabc05b37faa5ebc0edda2d0b71a2b03878e146c,039b62096708cde7517e6421cb47f6d89c1faa5ba826414de1e8bf62e3e5f24b,audio/53639c8da3.wav,audio/53639c8da3.wav,slr54,L2_i,L2,final,f1b798e1d028b45d88f956b0d5e7e10a571bda691f13a54607505a3fbf667bfa,"You are a verbatim transcription system for Nepali speech.

नेपाली अडियोमा बोलेको कुरा जस्ताको तस्तै लेख्नुहोस्।

Rules:
1. नेपाली शब्दहरू देवनागरी लिपिमा लेख्नुहोस्।
2. जे सुनिन्छ त्यही लेख्नुहोस्। अनुवाद, सारांश वा व्याख्या नगर्नुहोस्। अस्पष्ट नेपाली speech भए आफ्नो उत्तम ध्वन्यात्मक अनुमान देवनागरीमा लेख्नुहोस्।
3. English words, names, acronyms र technical terms लाई Latin script मै राख्नुहोस्; देवनागरीमा transliterate नगर्नुहोस्।
4. नेपाली-English code-switching बोलेको स्थान र क्रममै राख्नुहोस्।
5. बोलेका सङ्ख्या digits मा नलेखी शब्दका रूपमा लेख्नुहोस्।
6. fillers, repetitions, corrections र incomplete words जस्ताको तस्तै राख्नुहोस्।
7. grammar वा wording सुधार वा normalize नगर्नुहोस्।
8. explanation, timestamp, speaker label वा अतिरिक्त text नदिनुहोस्।

Output only the transcription.",audio/53639c8da3.wav,/kaggle/input/datasets/panditaadarsh/oslr54-50-utt/oslr54/audio/53639c8da3.wav,त्यसैले यिनले आफ्नो,त्यसैले यिनले आफ्नो,त्यसैले यिनले आफ्नो,3.3,success,देसाएले इले अखनो।,देसाएले इले अखनो।,देसाएले इले अखनो,12,4.1139,1.2466,,,2026-08-14T13:54:06.291284+00:00,ok,1.0,0.5789473684210527,0,3,0,0,3,3,8,8,3,0,19,11,3,1.0,0.0,False,False,False,False,,True
mistralai/Voxtral-Mini-3B-2507,main,3060fe34b35ba5d44202ce9ff3c097642914f8f3,1fcb17498781e52634f57ec1dabc05b37faa5ebc0edda2d0b71a2b03878e146c,039b62096708cde7517e6421cb47f6d89c1faa5ba826414de1e8bf62e3e5f24b,audio/55cf26fdb2.wav,audio/55cf26fdb2.wav,slr54,L2_a,L2,linguistic_paragraph,69fbc435aab89329dd9373149c58e54e0dc717e36aca3f87fd966c840d9fb4d5,"Transcribe the spoken Nepali audio verbatim in Devanagari script. Preserve any English words in Latin script and keep Nepali-English code-switching in the spoken order. Do not translate between languages. Keep fillers, repetitions, corrections, false starts, and incomplete words. Do not correct grammar or normalize the speaker's wording. Do not infer inaudible words. Do not add timestamps, speaker labels, explanations, or confidence scores. Return only the transcription.",audio/55cf26fdb2.wav,/kaggle/input/datasets/panditaadarsh/oslr54-50-utt/oslr54/audio/55cf26fdb2.wav,बुद्धि विवेक र विभिन्न,बुद्धि विवेक र विभिन्न,बुद्धि विवेक र विभिन्न,2.7,success,बुद्धिबिवेक र विबिन्ना,बुद्धिबिवेक र विबिन्ना,बुद्धिबिवेक र विबिन्ना,12,3.4259,1.2689,,,2026-08-14T13:54:10.420939+00:00,ok,0.75,0.18181818181818182,1,2,1,0,4,3,19,2,1,1,22,4,3,0.75,0.0,False,False,False,False,,True
mistralai/Voxtral-Mini-3B-2507,main,3060fe34b35ba5d44202ce9ff3c097642914f8f3,1fcb17498781e52634f57ec1dabc05b37faa5ebc0edda2d0b71a2b03878e146c,039b62096708cde7517e6421cb47f6d89c1faa5ba826414de1e8bf62e3e5f24b,audio/55cf26fdb2.wav,audio/55cf26fdb2.wav,slr54,L2_b,L2,linguistic_rules,6fe608b8973d86f985c53419657b50e905207f4a0e0756e432c38f76d4f8630a,"You are a verbatim transcription system for Nepali speech.
Rules:
1. Write Nepali in Devanagari.
2. Write English words in Latin script.
3. Preserve Nepali-English code-switching in the spoken order.
4. Do not translate.
5. Keep fillers, repetitions, corrections, false starts, and incomplete words.
6. Do not correct grammar or normalize wording.
7. Do not guess inaudible words.
8. Add no timestamps, speaker labels, explanations, or confidence scores.
9. Output only the transcription.
10. Write spoken numbers as Nepali words, not digits.",audio/55cf26fdb2.wav,/kaggle/input/datasets/panditaadarsh/oslr54-50-utt/oslr54/audio/55cf26fdb2.wav,बुद्धि विवेक र विभिन्न,बुद्धि विवेक र विभिन्न,बुद्धि विवेक र विभिन्न,2.7,success,बुद्धिबिवेक र बिविन्ना।,बुद्धिबिवेक र बिविन्ना।,बुद्धिबिवेक र बिविन्ना,13,3.5318,1.3081,,,2026-08-14T13:54:13.864671+00:00,ok,0.75,0.22727272727272727,1,2,1,0,4,3,18,3,1,1,22,5,3,0.75,0.0,False,False,False,False,,True
mistralai/Voxtral-Mini-3B-2507,main,3060fe34b35ba5d44202ce9ff3c097642914f8f3,1fcb17498781e52634f57ec1dabc05b37faa5ebc0edda2d0b71a2b03878e146c,039b62096708cde7517e6421cb47f6d89c1faa5ba826414de1e8bf62e3e5f24b,audio/55cf26fdb2.wav,audio/55cf26fdb2.wav,slr54,L2_d,L2,linguistic_nepali,e9f3e0193e8c25070a1966ea8419717e1da498cbc875300ff3da7a397a41e92c,"You are a verbatim transcription system for Nepali speech.

नेपाली अडियोमा बोलेको कुरा जस्ताको तस्तै लेख्नुहोस्।

Rules:
1. नेपाली शब्दहरू देवनागरी लिपिमा लेख्नुहोस्।
2. सुनिएको शब्दलाई अनुवाद वा अर्थ परिवर्तन नगरी जस्ताको तस्तै लेख्नुहोस्।
3. English words spoken in the audio must remain in Latin script.
4. नेपाली र English मिसिएको भए बोलेको क्रममै code-switching सुरक्षित राख्नुहोस्।
5. अँ, अहँ, उम्, ए, हैन जस्ता सुनिएका fillers र discourse words नहटाउनुहोस्।
6. दोहोरिएका शब्द, अधुरा शब्द, false starts र speaker corrections जस्ताको तस्तै राख्नुहोस्।
7. व्याकरण, उच्चारण वा बोल्ने शैलीलाई 'सुधारेर' मानक नेपाली नबनाउनुहोस्।
8. अस्पष्ट वा नसुनिएको शब्द अनुमान गरेर नलेख्नुहोस्।
9. बोलेका सङ्ख्या शब्दका रूपमा लेख्नुहोस्, जस्तै एक, दुई, तीन; digits प्रयोग नगर्नुहोस्।
10. कुनै explanation, timestamp, speaker label वा अतिरिक्त text नदिनुहोस्।

Output only the transcription.",audio/55cf26fdb2.wav,/kaggle/input/datasets/panditaadarsh/oslr54-50-utt/oslr54/audio/55cf26fdb2.wav,बुद्धि विवेक र विभिन्न,बुद्धि विवेक र विभिन्न,बुद्धि विवेक र विभिन्न,2.7,success,बुद्धिबिवेक र बिविन,बुद्धिबिवेक र बिविन,बुद्धिबिवेक र बिविन,10,4.266,1.58,,,2026-08-14T13:54:17.410888+00:00,ok,0.75,0.2727272727272727,1,2,1,0,4,3,16,3,3,0,22,6,3,0.75,0.0,False,False,False,False,,True
mistralai/Voxtral-Mini-3B-2507,main,3060fe34b35ba5d44202ce9ff3c097642914f8f3,1fcb17498781e52634f57ec1dabc05b37faa5ebc0edda2d0b71a2b03878e146c,039b62096708cde7517e6421cb47f6d89c1faa5ba826414de1e8bf62e3e5f24b,audio/55cf26fdb2.wav,audio/55cf26fdb2.wav,slr54,L2_i,L2,final,f1b798e1d028b45d88f956b0d5e7e10a571bda691f13a54607505a3fbf667bfa,"You are a verbatim transcription system for Nepali speech.

नेपाली अडियोमा बोलेको कुरा जस्ताको तस्तै लेख्नुहोस्।

Rules:
1. नेपाली शब्दहरू देवनागरी लिपिमा लेख्नुहोस्।
2. जे सुनिन्छ त्यही लेख्नुहोस्। अनुवाद, सारांश वा व्याख्या नगर्नुहोस्। अस्पष्ट नेपाली speech भए आफ्नो उत्तम ध्वन्यात्मक अनुमान देवनागरीमा लेख्नुहोस्।
3. English words, names, acronyms र technical terms लाई Latin script मै राख्नुहोस्; देवनागरीमा transliterate नगर्नुहोस्।
4. नेपाली-English code-switching बोलेको स्थान र क्रममै राख्नुहोस्।
5. बोलेका सङ्ख्या digits मा नलेखी शब्दका रूपमा लेख्नुहोस्।
6. fillers, repetitions, corrections र incomplete words जस्ताको तस्तै राख्नुहोस्।
7. grammar वा wording सुधार वा normalize नगर्नुहोस्।
8. explanation, timestamp, speaker label वा अतिरिक्त text नदिनुहोस्।

Output only the transcription.",audio/55cf26fdb2.wav,/kaggle/input/datasets/panditaadarsh/oslr54-50-utt/oslr54/audio/55cf26fdb2.wav,बुद्धि विवेक र विभिन्न,बुद्धि विवेक र विभिन्न,बुद्धि विवेक र विभिन्न,2.7,success,बुद्धिबिवेक र बिविन्ना।,बुद्धिबिवेक र बिविन्ना।,बुद्धिबिवेक र बिविन्ना,13,4.1966,1.5543,,,2026-08-14T13:54:21.692379+00:00,ok,0.75,0.22727272727272727,1,2,1,0,4,3,18,3,1,1,22,5,3,0.75,0.0,False,False,False,False,,True
mistralai/Voxtral-Mini-3B-2507,main,3060fe34b35ba5d44202ce9ff3c097642914f8f3,1fcb17498781e52634f57ec1dabc05b37faa5ebc0edda2d0b71a2b03878e146c,039b62096708cde7517e6421cb47f6d89c1faa5ba826414de1e8bf62e3e5f24b,audio/5a6e23dd30.wav,audio/5a6e23dd30.wav,slr54,L2_a,L2,linguistic_paragraph,69fbc435aab89329dd9373149c58e54e0dc717e36aca3f87fd966c840d9fb4d5,"Transcribe the spoken Nepali audio verbatim in Devanagari script. Preserve any English words in Latin script and keep Nepali-English code-switching in the spoken order. Do not translate between languages. Keep fillers, repetitions, corrections, false starts, and incomplete words. Do not correct grammar or normalize the speaker's wording. Do not infer inaudible words. Do not add timestamps, speaker labels, explanations, or confidence scores. Return only the transcription.",audio/5a6e23dd30.wav,/kaggle/input/datasets/panditaadarsh/oslr54-50-utt/oslr54/audio/5a6e23dd30.wav,कि विकसित देशहरूको,कि विकसित देशहरूको,कि विकसित देशहरूको,4.7,success,किसी भी विकसित देशहरुको,किसी भी विकसित देशहरुको,किसी भी विकसित देशहरुको,12,3.4394,0.7318,,,2026-08-14T13:54:25.903699+00:00,ok,1.0,0.3333333333333333,1,2,0,1,3,3,17,1,0,5,18,6,4,1.3333,0.3333,False,False,False,False,,True
mistralai/Voxtral-Mini-3B-2507,main,3060fe34b35ba5d44202ce9ff3c097642914f8f3,1fcb17498781e52634f57ec1dabc05b37faa5ebc0edda2d0b71a2b03878e146c,039b62096708cde7517e6421cb47f6d89c1faa5ba826414de1e8bf62e3e5f24b,audio/5a6e23dd30.wav,audio/5a6e23dd30.wav,slr54,L2_b,L2,linguistic_rules,6fe608b8973d86f985c53419657b50e905207f4a0e0756e432c38f76d4f8630a,"You are a verbatim transcription system for Nepali speech.
Rules:
1. Write Nepali in Devanagari.
2. Write English words in Latin script.
3. Preserve Nepali-English code-switching in the spoken order.
4. Do not translate.
5. Keep fillers, repetitions, corrections, false starts, and incomplete words.
6. Do not correct grammar or normalize wording.
7. Do not guess inaudible words.
8. Add no timestamps, speaker labels, explanations, or confidence scores.
9. Output only the transcription.
10. Write spoken numbers as Nepali words, not digits.",audio/5a6e23dd30.wav,/kaggle/input/datasets/panditaadarsh/oslr54-50-utt/oslr54/audio/5a6e23dd30.wav,कि विकसित देशहरूको,कि विकसित देशहरूको,कि विकसित देशहरूको,4.7,success,किबिकाशित देशहरुको,किबिकाशित देशहरुको,किबिकाशित देशहरुको,10,3.3787,0.7189,,,2026-08-14T13:54:29.361997+00:00,ok,1.0,0.2777777777777778,0,2,1,0,3,3,14,3,1,1,18,5,2,0.6667,0.0,False,False,False,False,,True
mistralai/Voxtral-Mini-3B-2507,main,3060fe34b35ba5d44202ce9ff3c097642914f8f3,1fcb17498781e52634f57ec1dabc05b37faa5ebc0edda2d0b71a2b03878e146c,039b62096708cde7517e6421cb47f6d89c1faa5ba826414de1e8bf62e3e5f24b,audio/5a6e23dd30.wav,audio/5a6e23dd30.wav,slr54,L2_d,L2,linguistic_nepali,e9f3e0193e8c25070a1966ea8419717e1da498cbc875300ff3da7a397a41e92c,"You are a verbatim transcription system for Nepali speech.

नेपाली अडियोमा बोलेको कुरा जस्ताको तस्तै लेख्नुहोस्।

Rules:
1. नेपाली शब्दहरू देवनागरी लिपिमा लेख्नुहोस्।
2. सुनिएको शब्दलाई अनुवाद वा अर्थ परिवर्तन नगरी जस्ताको तस्तै लेख्नुहोस्।
3. English words spoken in the audio must remain in Latin script.
4. नेपाली र English मिसिएको भए बोलेको क्रममै code-switching सुरक्षित राख्नुहोस्।
5. अँ, अहँ, उम्, ए, हैन जस्ता सुनिएका fillers र discourse words नहटाउनुहोस्।
6. दोहोरिएका शब्द, अधुरा शब्द, false starts र speaker corrections जस्ताको तस्तै राख्नुहोस्।
7. व्याकरण, उच्चारण वा बोल्ने शैलीलाई 'सुधारेर' मानक नेपाली नबनाउनुहोस्।
8. अस्पष्ट वा नसुनिएको शब्द अनुमान गरेर नलेख्नुहोस्।
9. बोलेका सङ्ख्या शब्दका रूपमा लेख्नुहोस्, जस्तै एक, दुई, तीन; digits प्रयोग नगर्नुहोस्।
10. कुनै explanation, timestamp, speaker label वा अतिरिक्त text नदिनुहोस्।

Output only the transcription.",audio/5a6e23dd30.wav,/kaggle/input/datasets/panditaadarsh/oslr54-50-utt/oslr54/audio/5a6e23dd30.wav,कि विकसित देशहरूको,कि विकसित देशहरूको,कि विकसित देशहरूको,4.7,success,की बिकासित देशहरुको,की बिकासित देशहरुको,की बिकासित देशहरुको,10,4.2569,0.9057,,,2026-08-14T13:54:32.760847+00:00,ok,1.0,0.2222222222222222,0,3,0,0,3,3,15,3,0,1,18,4,3,1.0,0.0,False,False,False,False,,True
mistralai/Voxtral-Mini-3B-2507,main,3060fe34b35ba5d44202ce9ff3c097642914f8f3,1fcb17498781e52634f57ec1dabc05b37faa5ebc0edda2d0b71a2b03878e146c,039b62096708cde7517e6421cb47f6d89c1faa5ba826414de1e8bf62e3e5f24b,audio/5a6e23dd30.wav,audio/5a6e23dd30.wav,slr54,L2_i,L2,final,f1b798e1d028b45d88f956b0d5e7e10a571bda691f13a54607505a3fbf667bfa,"You are a verbatim transcription system for Nepali speech.

नेपाली अडियोमा बोलेको कुरा जस्ताको तस्तै लेख्नुहोस्।

Rules:
1. नेपाली शब्दहरू देवनागरी लिपिमा लेख्नुहोस्।
2. जे सुनिन्छ त्यही लेख्नुहोस्। अनुवाद, सारांश वा व्याख्या नगर्नुहोस्। अस्पष्ट नेपाली speech भए आफ्नो उत्तम ध्वन्यात्मक अनुमान देवनागरीमा लेख्नुहोस्।
3. English words, names, acronyms र technical terms लाई Latin script मै राख्नुहोस्; देवनागरीमा transliterate नगर्नुहोस्।
4. नेपाली-English code-switching बोलेको स्थान र क्रममै राख्नुहोस्।
5. बोलेका सङ्ख्या digits मा नलेखी शब्दका रूपमा लेख्नुहोस्।
6. fillers, repetitions, corrections र incomplete words जस्ताको तस्तै राख्नुहोस्।
7. grammar वा wording सुधार वा normalize नगर्नुहोस्।
8. explanation, timestamp, speaker label वा अतिरिक्त text नदिनुहोस्।

Output only the transcription.",audio/5a6e23dd30.wav,/kaggle/input/datasets/panditaadarsh/oslr54-50-utt/oslr54/audio/5a6e23dd30.wav,कि विकसित देशहरूको,कि विकसित देशहरूको,कि विकसित देशहरूको,4.7,success,किबिकाशित देशहरुको,किबिकाशित देशहरुको,किबिकाशित देशहरुको,10,4.0472,0.8611,,,2026-08-14T13:54:37.034019+00:00,ok,1.0,0.2777777777777778,0,2,1,0,3,3,14,3,1,1,18,5,2,0.6667,0.0,False,False,False,False,,True
mistralai/Voxtral-Mini-3B-2507,main,3060fe34b35ba5d44202ce9ff3c097642914f8f3,1fcb17498781e52634f57ec1dabc05b37faa5ebc0edda2d0b71a2b03878e146c,039b62096708cde7517e6421cb47f6d89c1faa5ba826414de1e8bf62e3e5f24b,audio/549ce80eb1.wav,audio/549ce80eb1.wav,slr54,L2_a,L2,linguistic_paragraph,69fbc435aab89329dd9373149c58e54e0dc717e36aca3f87fd966c840d9fb4d5,"Transcribe the spoken Nepali audio verbatim in Devanagari script. Preserve any English words in Latin script and keep Nepali-English code-switching in the spoken order. Do not translate between languages. Keep fillers, repetitions, corrections, false starts, and incomplete words. Do not correct grammar or normalize the speaker's wording. Do not infer inaudible words. Do not add timestamps, speaker labels, explanations, or confidence scores. Return only the transcription.",audio/549ce80eb1.wav,/kaggle/input/datasets/panditaadarsh/oslr54-50-utt/oslr54/audio/549ce80eb1.wav,काम गर्छिन्,काम गर्छिन्,काम गर्छिन्,2.2,success,कम गर्छिन्।,कम गर्छिन्।,कम गर्छिन्,9,3.3287,1.5131,,,2026-08-14T13:54:41.097066+00:00,ok,0.5,0.09090909090909091,1,1,0,0,2,1,10,0,1,0,11,1,2,1.0,0.0,False,False,False,False,,True
mistralai/Voxtral-Mini-3B-2507,main,3060fe34b35ba5d44202ce9ff3c097642914f8f3,1fcb17498781e52634f57ec1dabc05b37faa5ebc0edda2d0b71a2b03878e146c,039b62096708cde7517e6421cb47f6d89c1faa5ba826414de1e8bf62e3e5f24b,audio/549ce80eb1.wav,audio/549ce80eb1.wav,slr54,L2_b,L2,linguistic_rules,6fe608b8973d86f985c53419657b50e905207f4a0e0756e432c38f76d4f8630a,"You are a verbatim transcription system for Nepali speech.
Rules:
1. Write Nepali in Devanagari.
2. Write English words in Latin script.
3. Preserve Nepali-English code-switching in the spoken order.
4. Do not translate.
5. Keep fillers, repetitions, corrections, false starts, and incomplete words.
6. Do not correct grammar or normalize wording.
7. Do not guess inaudible words.
8. Add no timestamps, speaker labels, explanations, or confidence scores.
9. Output only the transcription.
10. Write spoken numbers as Nepali words, not digits.",audio/549ce80eb1.wav,/kaggle/input/datasets/panditaadarsh/oslr54-50-utt/oslr54/audio/549ce80eb1.wav,काम गर्छिन्,काम गर्छिन्,काम गर्छिन्,2.2,success,कम गर्छिन्।,कम गर्छिन्।,कम गर्छिन्,9,3.3225,1.5102,,,2026-08-14T13:54:44.443316+00:00,ok,0.5,0.09090909090909091,1,1,0,0,2,1,10,0,1,0,11,1,2,1.0,0.0,False,False,False,False,,True
mistralai/Voxtral-Mini-3B-2507,main,3060fe34b35ba5d44202ce9ff3c097642914f8f3,1fcb17498781e52634f57ec1dabc05b37faa5ebc0edda2d0b71a2b03878e146c,039b62096708cde7517e6421cb47f6d89c1faa5ba826414de1e8bf62e3e5f24b,audio/549ce80eb1.wav,audio/549ce80eb1.wav,slr54,L2_d,L2,linguistic_nepali,e9f3e0193e8c25070a1966ea8419717e1da498cbc875300ff3da7a397a41e92c,"You are a verbatim transcription system for Nepali speech.

नेपाली अडियोमा बोलेको कुरा जस्ताको तस्तै लेख्नुहोस्।

Rules:
1. नेपाली शब्दहरू देवनागरी लिपिमा लेख्नुहोस्।
2. सुनिएको शब्दलाई अनुवाद वा अर्थ परिवर्तन नगरी जस्ताको तस्तै लेख्नुहोस्।
3. English words spoken in the audio must remain in Latin script.
4. नेपाली र English मिसिएको भए बोलेको क्रममै code-switching सुरक्षित राख्नुहोस्।
5. अँ, अहँ, उम्, ए, हैन जस्ता सुनिएका fillers र discourse words नहटाउनुहोस्।
6. दोहोरिएका शब्द, अधुरा शब्द, false starts र speaker corrections जस्ताको तस्तै राख्नुहोस्।
7. व्याकरण, उच्चारण वा बोल्ने शैलीलाई 'सुधारेर' मानक नेपाली नबनाउनुहोस्।
8. अस्पष्ट वा नसुनिएको शब्द अनुमान गरेर नलेख्नुहोस्।
9. बोलेका सङ्ख्या शब्दका रूपमा लेख्नुहोस्, जस्तै एक, दुई, तीन; digits प्रयोग नगर्नुहोस्।
10. कुनै explanation, timestamp, speaker label वा अतिरिक्त text नदिनुहोस्।

Output only the transcription.",audio/549ce80eb1.wav,/kaggle/input/datasets/panditaadarsh/oslr54-50-utt/oslr54/audio/549ce80eb1.wav,काम गर्छिन्,काम गर्छिन्,काम गर्छिन्,2.2,success,कम गर्छिन।,कम गर्छिन।,कम गर्छिन,8,4.1724,1.8965,,,2026-08-14T13:54:47.783929+00:00,ok,1.0,0.18181818181818182,0,2,0,0,2,2,9,0,2,0,11,2,2,1.0,0.0,False,False,False,False,,True
mistralai/Voxtral-Mini-3B-2507,main,3060fe34b35ba5d44202ce9ff3c097642914f8f3,1fcb17498781e52634f57ec1dabc05b37faa5ebc0edda2d0b71a2b03878e146c,039b62096708cde7517e6421cb47f6d89c1faa5ba826414de1e8bf62e3e5f24b,audio/549ce80eb1.wav,audio/549ce80eb1.wav,slr54,L2_i,L2,final,f1b798e1d028b45d88f956b0d5e7e10a571bda691f13a54607505a3fbf667bfa,"You are a verbatim transcription system for Nepali speech.

नेपाली अडियोमा बोलेको कुरा जस्ताको तस्तै लेख्नुहोस्।

Rules:
1. नेपाली शब्दहरू देवनागरी लिपिमा लेख्नुहोस्।
2. जे सुनिन्छ त्यही लेख्नुहोस्। अनुवाद, सारांश वा व्याख्या नगर्नुहोस्। अस्पष्ट नेपाली speech भए आफ्नो उत्तम ध्वन्यात्मक अनुमान देवनागरीमा लेख्नुहोस्।
3. English words, names, acronyms र technical terms लाई Latin script मै राख्नुहोस्; देवनागरीमा transliterate नगर्नुहोस्।
4. नेपाली-English code-switching बोलेको स्थान र क्रममै राख्नुहोस्।
5. बोलेका सङ्ख्या digits मा नलेखी शब्दका रूपमा लेख्नुहोस्।
6. fillers, repetitions, corrections र incomplete words जस्ताको तस्तै राख्नुहोस्।
7. grammar वा wording सुधार वा normalize नगर्नुहोस्।
8. explanation, timestamp, speaker label वा अतिरिक्त text नदिनुहोस्।

Output only the transcription.",audio/549ce80eb1.wav,/kaggle/input/datasets/panditaadarsh/oslr54-50-utt/oslr54/audio/549ce80eb1.wav,काम गर्छिन्,काम गर्छिन्,काम गर्छिन्,2.2,success,कम गर्छिन्।,कम गर्छिन्।,कम गर्छिन्,9,3.98,1.8091,,,2026-08-14T13:54:51.975692+00:00,ok,0.5,0.09090909090909091,1,1,0,0,2,1,10,0,1,0,11,1,2,1.0,0.0,False,False,False,False,,True
mistralai/Voxtral-Mini-3B-2507,main,3060fe34b35ba5d44202ce9ff3c097642914f8f3,1fcb17498781e52634f57ec1dabc05b37faa5ebc0edda2d0b71a2b03878e146c,039b62096708cde7517e6421cb47f6d89c1faa5ba826414de1e8bf62e3e5f24b,audio/5d6b395bd1.wav,audio/5d6b395bd1.wav,slr54,L2_a,L2,linguistic_paragraph,69fbc435aab89329dd9373149c58e54e0dc717e36aca3f87fd966c840d9fb4d5,"Transcribe the spoken Nepali audio verbatim in Devanagari script. Preserve any English words in Latin script and keep Nepali-English code-switching in the spoken order. Do not translate between languages. Keep fillers, repetitions, corrections, false starts, and incomplete words. Do not correct grammar or normalize the speaker's wording. Do not infer inaudible words. Do not add timestamps, speaker labels, explanations, or confidence scores. Return only the transcription.",audio/5d6b395bd1.wav,/kaggle/input/datasets/panditaadarsh/oslr54-50-utt/oslr54/audio/5d6b395bd1.wav,मिलियन पर्यटक गए,मिलियन पर्यटक गए,मिलियन पर्यटक गए,4.2,success,मिलियन पर एक टैग गए।,मिलियन पर एक टैग गए।,मिलियन पर एक टैग गए,11,3.3899,0.8071,,,2026-08-14T13:54:55.974273+00:00,ok,1.0,0.375,2,1,0,2,3,3,13,3,0,3,16,6,5,1.6667,0.6667,False,False,False,False,,True
mistralai/Voxtral-Mini-3B-2507,main,3060fe34b35ba5d44202ce9ff3c097642914f8f3,1fcb17498781e52634f57ec1dabc05b37faa5ebc0edda2d0b71a2b03878e146c,039b62096708cde7517e6421cb47f6d89c1faa5ba826414de1e8bf62e3e5f24b,audio/5d6b395bd1.wav,audio/5d6b395bd1.wav,slr54,L2_b,L2,linguistic_rules,6fe608b8973d86f985c53419657b50e905207f4a0e0756e432c38f76d4f8630a,"You are a verbatim transcription system for Nepali speech.
Rules:
1. Write Nepali in Devanagari.
2. Write English words in Latin script.
3. Preserve Nepali-English code-switching in the spoken order.
4. Do not translate.
5. Keep fillers, repetitions, corrections, false starts, and incomplete words.
6. Do not correct grammar or normalize wording.
7. Do not guess inaudible words.
8. Add no timestamps, speaker labels, explanations, or confidence scores.
9. Output only the transcription.
10. Write spoken numbers as Nepali words, not digits.",audio/5d6b395bd1.wav,/kaggle/input/datasets/panditaadarsh/oslr54-50-utt/oslr54/audio/5d6b395bd1.wav,मिलियन पर्यटक गए,मिलियन पर्यटक गए,मिलियन पर्यटक गए,4.2,success,मिलियन परे टक गए।,मिलियन परे टक गए।,मिलियन परे टक गए,10,3.3427,0.7959,,,2026-08-14T13:54:59.383570+00:00,ok,0.6666666666666666,0.125,2,1,0,1,3,2,14,2,0,0,16,2,4,1.3333,0.3333,False,False,False,False,,True
mistralai/Voxtral-Mini-3B-2507,main,3060fe34b35ba5d44202ce9ff3c097642914f8f3,1fcb17498781e52634f57ec1dabc05b37faa5ebc0edda2d0b71a2b03878e146c,039b62096708cde7517e6421cb47f6d89c1faa5ba826414de1e8bf62e3e5f24b,audio/5d6b395bd1.wav,audio/5d6b395bd1.wav,slr54,L2_d,L2,linguistic_nepali,e9f3e0193e8c25070a1966ea8419717e1da498cbc875300ff3da7a397a41e92c,"You are a verbatim transcription system for Nepali speech.

नेपाली अडियोमा बोलेको कुरा जस्ताको तस्तै लेख्नुहोस्।

Rules:
1. नेपाली शब्दहरू देवनागरी लिपिमा लेख्नुहोस्।
2. सुनिएको शब्दलाई अनुवाद वा अर्थ परिवर्तन नगरी जस्ताको तस्तै लेख्नुहोस्।
3. English words spoken in the audio must remain in Latin script.
4. नेपाली र English मिसिएको भए बोलेको क्रममै code-switching सुरक्षित राख्नुहोस्।
5. अँ, अहँ, उम्, ए, हैन जस्ता सुनिएका fillers र discourse words नहटाउनुहोस्।
6. दोहोरिएका शब्द, अधुरा शब्द, false starts र speaker corrections जस्ताको तस्तै राख्नुहोस्।
7. व्याकरण, उच्चारण वा बोल्ने शैलीलाई 'सुधारेर' मानक नेपाली नबनाउनुहोस्।
8. अस्पष्ट वा नसुनिएको शब्द अनुमान गरेर नलेख्नुहोस्।
9. बोलेका सङ्ख्या शब्दका रूपमा लेख्नुहोस्, जस्तै एक, दुई, तीन; digits प्रयोग नगर्नुहोस्।
10. कुनै explanation, timestamp, speaker label वा अतिरिक्त text नदिनुहोस्।

Output only the transcription.",audio/5d6b395bd1.wav,/kaggle/input/datasets/panditaadarsh/oslr54-50-utt/oslr54/audio/5d6b395bd1.wav,मिलियन पर्यटक गए,मिलियन पर्यटक गए,मिलियन पर्यटक गए,4.2,success,मिलियन परे टक गए।,मिलियन परे टक गए।,मिलियन परे टक गए,10,4.2345,1.0082,,,2026-08-14T13:55:02.742789+00:00,ok,0.6666666666666666,0.125,2,1,0,1,3,2,14,2,0,0,16,2,4,1.3333,0.3333,False,False,False,False,,True
mistralai/Voxtral-Mini-3B-2507,main,3060fe34b35ba5d44202ce9ff3c097642914f8f3,1fcb17498781e52634f57ec1dabc05b37faa5ebc0edda2d0b71a2b03878e146c,039b62096708cde7517e6421cb47f6d89c1faa5ba826414de1e8bf62e3e5f24b,audio/5d6b395bd1.wav,audio/5d6b395bd1.wav,slr54,L2_i,L2,final,f1b798e1d028b45d88f956b0d5e7e10a571bda691f13a54607505a3fbf667bfa,"You are a verbatim transcription system for Nepali speech.

नेपाली अडियोमा बोलेको कुरा जस्ताको तस्तै लेख्नुहोस्।

Rules:
1. नेपाली शब्दहरू देवनागरी लिपिमा लेख्नुहोस्।
2. जे सुनिन्छ त्यही लेख्नुहोस्। अनुवाद, सारांश वा व्याख्या नगर्नुहोस्। अस्पष्ट नेपाली speech भए आफ्नो उत्तम ध्वन्यात्मक अनुमान देवनागरीमा लेख्नुहोस्।
3. English words, names, acronyms र technical terms लाई Latin script मै राख्नुहोस्; देवनागरीमा transliterate नगर्नुहोस्।
4. नेपाली-English code-switching बोलेको स्थान र क्रममै राख्नुहोस्।
5. बोलेका सङ्ख्या digits मा नलेखी शब्दका रूपमा लेख्नुहोस्।
6. fillers, repetitions, corrections र incomplete words जस्ताको तस्तै राख्नुहोस्।
7. grammar वा wording सुधार वा normalize नगर्नुहोस्।
8. explanation, timestamp, speaker label वा अतिरिक्त text नदिनुहोस्।

Output only the transcription.",audio/5d6b395bd1.wav,/kaggle/input/datasets/panditaadarsh/oslr54-50-utt/oslr54/audio/5d6b395bd1.wav,मिलियन पर्यटक गए,मिलियन पर्यटक गए,मिलियन पर्यटक गए,4.2,success,मिलियन परे टक गए।,मिलियन परे टक गए।,मिलियन परे टक गए,10,4.0306,0.9597,,,2026-08-14T13:55:06.995087+00:00,ok,0.6666666666666666,0.125,2,1,0,1,3,2,14,2,0,0,16,2,4,1.3333,0.3333,False,False,False,False,,True
mistralai/Voxtral-Mini-3B-2507,main,3060fe34b35ba5d44202ce9ff3c097642914f8f3,1fcb17498781e52634f57ec1dabc05b37faa5ebc0edda2d0b71a2b03878e146c,039b62096708cde7517e6421cb47f6d89c1faa5ba826414de1e8bf62e3e5f24b,audio/5268f177cf.wav,audio/5268f177cf.wav,slr54,L2_a,L2,linguistic_paragraph,69fbc435aab89329dd9373149c58e54e0dc717e36aca3f87fd966c840d9fb4d5,"Transcribe the spoken Nepali audio verbatim in Devanagari script. Preserve any English words in Latin script and keep Nepali-English code-switching in the spoken order. Do not translate between languages. Keep fillers, repetitions, corrections, false starts, and incomplete words. Do not correct grammar or normalize the speaker's wording. Do not infer inaudible words. Do not add timestamps, speaker labels, explanations, or confidence scores. Return only the transcription.",audio/5268f177cf.wav,/kaggle/input/datasets/panditaadarsh/oslr54-50-utt/oslr54/audio/5268f177cf.wav,कार्य शंकर चौलागाईद्वारा,कार्य शंकर चौलागाईद्वारा,कार्य शंकर चौलागाईद्वारा,3.9,success,कारे संकर चौला गाईद्वारा,कारे संकर चौला गाईद्वारा,कारे संकर चौला गाईद्वारा,12,3.43,0.8795,,,2026-08-14T13:55:11.045338+00:00,ok,1.3333333333333333,0.16666666666666666,0,3,0,1,3,4,21,2,1,1,24,4,4,1.3333,0.3333,False,False,False,False,,True
mistralai/Voxtral-Mini-3B-2507,main,3060fe34b35ba5d44202ce9ff3c097642914f8f3,1fcb17498781e52634f57ec1dabc05b37faa5ebc0edda2d0b71a2b03878e146c,039b62096708cde7517e6421cb47f6d89c1faa5ba826414de1e8bf62e3e5f24b,audio/5268f177cf.wav,audio/5268f177cf.wav,slr54,L2_b,L2,linguistic_rules,6fe608b8973d86f985c53419657b50e905207f4a0e0756e432c38f76d4f8630a,"You are a verbatim transcription system for Nepali speech.
Rules:
1. Write Nepali in Devanagari.
2. Write English words in Latin script.
3. Preserve Nepali-English code-switching in the spoken order.
4. Do not translate.
5. Keep fillers, repetitions, corrections, false starts, and incomplete words.
6. Do not correct grammar or normalize wording.
7. Do not guess inaudible words.
8. Add no timestamps, speaker labels, explanations, or confidence scores.
9. Output only the transcription.
10. Write spoken numbers as Nepali words, not digits.",audio/5268f177cf.wav,/kaggle/input/datasets/panditaadarsh/oslr54-50-utt/oslr54/audio/5268f177cf.wav,कार्य शंकर चौलागाईद्वारा,कार्य शंकर चौलागाईद्वारा,कार्य शंकर चौलागाईद्वारा,3.9,success,काहे संकर चौला गाईद्वारा,काहे संकर चौला गाईद्वारा,काहे संकर चौला गाईद्वारा,13,3.5286,0.9048,,,2026-08-14T13:55:14.494655+00:00,ok,1.3333333333333333,0.20833333333333334,0,3,0,1,3,4,20,3,1,1,24,5,4,1.3333,0.3333,False,False,False,False,,True
mistralai/Voxtral-Mini-3B-2507,main,3060fe34b35ba5d44202ce9ff3c097642914f8f3,1fcb17498781e52634f57ec1dabc05b37faa5ebc0edda2d0b71a2b03878e146c,039b62096708cde7517e6421cb47f6d89c1faa5ba826414de1e8bf62e3e5f24b,audio/5268f177cf.wav,audio/5268f177cf.wav,slr54,L2_d,L2,linguistic_nepali,e9f3e0193e8c25070a1966ea8419717e1da498cbc875300ff3da7a397a41e92c,"You are a verbatim transcription system for Nepali speech.

नेपाली अडियोमा बोलेको कुरा जस्ताको तस्तै लेख्नुहोस्।

Rules:
1. नेपाली शब्दहरू देवनागरी लिपिमा लेख्नुहोस्।
2. सुनिएको शब्दलाई अनुवाद वा अर्थ परिवर्तन नगरी जस्ताको तस्तै लेख्नुहोस्।
3. English words spoken in the audio must remain in Latin script.
4. नेपाली र English मिसिएको भए बोलेको क्रममै code-switching सुरक्षित राख्नुहोस्।
5. अँ, अहँ, उम्, ए, हैन जस्ता सुनिएका fillers र discourse words नहटाउनुहोस्।
6. दोहोरिएका शब्द, अधुरा शब्द, false starts र speaker corrections जस्ताको तस्तै राख्नुहोस्।
7. व्याकरण, उच्चारण वा बोल्ने शैलीलाई 'सुधारेर' मानक नेपाली नबनाउनुहोस्।
8. अस्पष्ट वा नसुनिएको शब्द अनुमान गरेर नलेख्नुहोस्।
9. बोलेका सङ्ख्या शब्दका रूपमा लेख्नुहोस्, जस्तै एक, दुई, तीन; digits प्रयोग नगर्नुहोस्।
10. कुनै explanation, timestamp, speaker label वा अतिरिक्त text नदिनुहोस्।

Output only the transcription.",audio/5268f177cf.wav,/kaggle/input/datasets/panditaadarsh/oslr54-50-utt/oslr54/audio/5268f177cf.wav,कार्य शंकर चौलागाईद्वारा,कार्य शंकर चौलागाईद्वारा,कार्य शंकर चौलागाईद्वारा,3.9,success,कारे संकर चौला गाईद्वारा।,कारे संकर चौला गाईद्वारा।,कारे संकर चौला गाईद्वारा,13,4.3957,1.1271,,,2026-08-14T13:55:18.038030+00:00,ok,1.3333333333333333,0.16666666666666666,0,3,0,1,3,4,21,2,1,1,24,4,4,1.3333,0.3333,False,False,False,False,,True
mistralai/Voxtral-Mini-3B-2507,main,3060fe34b35ba5d44202ce9ff3c097642914f8f3,1fcb17498781e52634f57ec1dabc05b37faa5ebc0edda2d0b71a2b03878e146c,039b62096708cde7517e6421cb47f6d89c1faa5ba826414de1e8bf62e3e5f24b,audio/5268f177cf.wav,audio/5268f177cf.wav,slr54,L2_i,L2,final,f1b798e1d028b45d88f956b0d5e7e10a571bda691f13a54607505a3fbf667bfa,"You are a verbatim transcription system for Nepali speech.

नेपाली अडियोमा बोलेको कुरा जस्ताको तस्तै लेख्नुहोस्।

Rules:
1. नेपाली शब्दहरू देवनागरी लिपिमा लेख्नुहोस्।
2. जे सुनिन्छ त्यही लेख्नुहोस्। अनुवाद, सारांश वा व्याख्या नगर्नुहोस्। अस्पष्ट नेपाली speech भए आफ्नो उत्तम ध्वन्यात्मक अनुमान देवनागरीमा लेख्नुहोस्।
3. English words, names, acronyms र technical terms लाई Latin script मै राख्नुहोस्; देवनागरीमा transliterate नगर्नुहोस्।
4. नेपाली-English code-switching बोलेको स्थान र क्रममै राख्नुहोस्।
5. बोलेका सङ्ख्या digits मा नलेखी शब्दका रूपमा लेख्नुहोस्।
6. fillers, repetitions, corrections र incomplete words जस्ताको तस्तै राख्नुहोस्।
7. grammar वा wording सुधार वा normalize नगर्नुहोस्।
8. explanation, timestamp, speaker label वा अतिरिक्त text नदिनुहोस्।

Output only the transcription.",audio/5268f177cf.wav,/kaggle/input/datasets/panditaadarsh/oslr54-50-utt/oslr54/audio/5268f177cf.wav,कार्य शंकर चौलागाईद्वारा,कार्य शंकर चौलागाईद्वारा,कार्य शंकर चौलागाईद्वारा,3.9,success,कारे संकर चौला गाईद्वारा।,कारे संकर चौला गाईद्वारा।,कारे संकर चौला गाईद्वारा,13,4.1607,1.0668,,,2026-08-14T13:55:22.450697+00:00,ok,1.3333333333333333,0.16666666666666666,0,3,0,1,3,4,21,2,1,1,24,4,4,1.3333,0.3333,False,False,False,False,,True
mistralai/Voxtral-Mini-3B-2507,main,3060fe34b35ba5d44202ce9ff3c097642914f8f3,1fcb17498781e52634f57ec1dabc05b37faa5ebc0edda2d0b71a2b03878e146c,039b62096708cde7517e6421cb47f6d89c1faa5ba826414de1e8bf62e3e5f24b,audio/5b98e04a48.wav,audio/5b98e04a48.wav,slr54,L2_a,L2,linguistic_paragraph,69fbc435aab89329dd9373149c58e54e0dc717e36aca3f87fd966c840d9fb4d5,"Transcribe the spoken Nepali audio verbatim in Devanagari script. Preserve any English words in Latin script and keep Nepali-English code-switching in the spoken order. Do not translate between languages. Keep fillers, repetitions, corrections, false starts, and incomplete words. Do not correct grammar or normalize the speaker's wording. Do not infer inaudible words. Do not add timestamps, speaker labels, explanations, or confidence scores. Return only the transcription.",audio/5b98e04a48.wav,/kaggle/input/datasets/panditaadarsh/oslr54-50-utt/oslr54/audio/5b98e04a48.wav,भौगोलिक,भौगोलिक,भौगोलिक,1.9,success,वागोलिक,वागोलिक,वागोलिक,5,3.1191,1.6416,,,2026-08-14T13:55:26.627243+00:00,ok,1.0,0.2857142857142857,0,1,0,0,1,1,5,2,0,0,7,2,1,1.0,0.0,False,False,False,False,,True
mistralai/Voxtral-Mini-3B-2507,main,3060fe34b35ba5d44202ce9ff3c097642914f8f3,1fcb17498781e52634f57ec1dabc05b37faa5ebc0edda2d0b71a2b03878e146c,039b62096708cde7517e6421cb47f6d89c1faa5ba826414de1e8bf62e3e5f24b,audio/5b98e04a48.wav,audio/5b98e04a48.wav,slr54,L2_b,L2,linguistic_rules,6fe608b8973d86f985c53419657b50e905207f4a0e0756e432c38f76d4f8630a,"You are a verbatim transcription system for Nepali speech.
Rules:
1. Write Nepali in Devanagari.
2. Write English words in Latin script.
3. Preserve Nepali-English code-switching in the spoken order.
4. Do not translate.
5. Keep fillers, repetitions, corrections, false starts, and incomplete words.
6. Do not correct grammar or normalize wording.
7. Do not guess inaudible words.
8. Add no timestamps, speaker labels, explanations, or confidence scores.
9. Output only the transcription.
10. Write spoken numbers as Nepali words, not digits.",audio/5b98e04a48.wav,/kaggle/input/datasets/panditaadarsh/oslr54-50-utt/oslr54/audio/5b98e04a48.wav,भौगोलिक,भौगोलिक,भौगोलिक,1.9,success,वागोलिक,वागोलिक,वागोलिक,5,3.1074,1.6355,,,2026-08-14T13:55:29.762615+00:00,ok,1.0,0.2857142857142857,0,1,0,0,1,1,5,2,0,0,7,2,1,1.0,0.0,False,False,False,False,,True
mistralai/Voxtral-Mini-3B-2507,main,3060fe34b35ba5d44202ce9ff3c097642914f8f3,1fcb17498781e52634f57ec1dabc05b37faa5ebc0edda2d0b71a2b03878e146c,039b62096708cde7517e6421cb47f6d89c1faa5ba826414de1e8bf62e3e5f24b,audio/5b98e04a48.wav,audio/5b98e04a48.wav,slr54,L2_d,L2,linguistic_nepali,e9f3e0193e8c25070a1966ea8419717e1da498cbc875300ff3da7a397a41e92c,"You are a verbatim transcription system for Nepali speech.

नेपाली अडियोमा बोलेको कुरा जस्ताको तस्तै लेख्नुहोस्।

Rules:
1. नेपाली शब्दहरू देवनागरी लिपिमा लेख्नुहोस्।
2. सुनिएको शब्दलाई अनुवाद वा अर्थ परिवर्तन नगरी जस्ताको तस्तै लेख्नुहोस्।
3. English words spoken in the audio must remain in Latin script.
4. नेपाली र English मिसिएको भए बोलेको क्रममै code-switching सुरक्षित राख्नुहोस्।
5. अँ, अहँ, उम्, ए, हैन जस्ता सुनिएका fillers र discourse words नहटाउनुहोस्।
6. दोहोरिएका शब्द, अधुरा शब्द, false starts र speaker corrections जस्ताको तस्तै राख्नुहोस्।
7. व्याकरण, उच्चारण वा बोल्ने शैलीलाई 'सुधारेर' मानक नेपाली नबनाउनुहोस्।
8. अस्पष्ट वा नसुनिएको शब्द अनुमान गरेर नलेख्नुहोस्।
9. बोलेका सङ्ख्या शब्दका रूपमा लेख्नुहोस्, जस्तै एक, दुई, तीन; digits प्रयोग नगर्नुहोस्।
10. कुनै explanation, timestamp, speaker label वा अतिरिक्त text नदिनुहोस्।

Output only the transcription.",audio/5b98e04a48.wav,/kaggle/input/datasets/panditaadarsh/oslr54-50-utt/oslr54/audio/5b98e04a48.wav,भौगोलिक,भौगोलिक,भौगोलिक,1.9,success,वौगोलिक,वौगोलिक,वौगोलिक,6,4.0756,2.145,,,2026-08-14T13:55:32.884441+00:00,ok,1.0,0.14285714285714285,0,1,0,0,1,1,6,1,0,0,7,1,1,1.0,0.0,False,False,False,False,,True
mistralai/Voxtral-Mini-3B-2507,main,3060fe34b35ba5d44202ce9ff3c097642914f8f3,1fcb17498781e52634f57ec1dabc05b37faa5ebc0edda2d0b71a2b03878e146c,039b62096708cde7517e6421cb47f6d89c1faa5ba826414de1e8bf62e3e5f24b,audio/5b98e04a48.wav,audio/5b98e04a48.wav,slr54,L2_i,L2,final,f1b798e1d028b45d88f956b0d5e7e10a571bda691f13a54607505a3fbf667bfa,"You are a verbatim transcription system for Nepali speech.

नेपाली अडियोमा बोलेको कुरा जस्ताको तस्तै लेख्नुहोस्।

Rules:
1. नेपाली शब्दहरू देवनागरी लिपिमा लेख्नुहोस्।
2. जे सुनिन्छ त्यही लेख्नुहोस्। अनुवाद, सारांश वा व्याख्या नगर्नुहोस्। अस्पष्ट नेपाली speech भए आफ्नो उत्तम ध्वन्यात्मक अनुमान देवनागरीमा लेख्नुहोस्।
3. English words, names, acronyms र technical terms लाई Latin script मै राख्नुहोस्; देवनागरीमा transliterate नगर्नुहोस्।
4. नेपाली-English code-switching बोलेको स्थान र क्रममै राख्नुहोस्।
5. बोलेका सङ्ख्या digits मा नलेखी शब्दका रूपमा लेख्नुहोस्।
6. fillers, repetitions, corrections र incomplete words जस्ताको तस्तै राख्नुहोस्।
7. grammar वा wording सुधार वा normalize नगर्नुहोस्।
8. explanation, timestamp, speaker label वा अतिरिक्त text नदिनुहोस्।

Output only the transcription.",audio/5b98e04a48.wav,/kaggle/input/datasets/panditaadarsh/oslr54-50-utt/oslr54/audio/5b98e04a48.wav,भौगोलिक,भौगोलिक,भौगोलिक,1.9,success,वौगोलिक,वौगोलिक,वौगोलिक,6,3.8581,2.0306,,,2026-08-14T13:55:36.975226+00:00,ok,1.0,0.14285714285714285,0,1,0,0,1,1,6,1,0,0,7,1,1,1.0,0.0,False,False,False,False,,True
mistralai/Voxtral-Mini-3B-2507,main,3060fe34b35ba5d44202ce9ff3c097642914f8f3,1fcb17498781e52634f57ec1dabc05b37faa5ebc0edda2d0b71a2b03878e146c,039b62096708cde7517e6421cb47f6d89c1faa5ba826414de1e8bf62e3e5f24b,audio/5619ae12c9.wav,audio/5619ae12c9.wav,slr54,L2_a,L2,linguistic_paragraph,69fbc435aab89329dd9373149c58e54e0dc717e36aca3f87fd966c840d9fb4d5,"Transcribe the spoken Nepali audio verbatim in Devanagari script. Preserve any English words in Latin script and keep Nepali-English code-switching in the spoken order. Do not translate between languages. Keep fillers, repetitions, corrections, false starts, and incomplete words. Do not correct grammar or normalize the speaker's wording. Do not infer inaudible words. Do not add timestamps, speaker labels, explanations, or confidence scores. Return only the transcription.",audio/5619ae12c9.wav,/kaggle/input/datasets/panditaadarsh/oslr54-50-utt/oslr54/audio/5619ae12c9.wav,भएर बग्ने यो नदी,भएर बग्ने यो नदी,भएर बग्ने यो नदी,3.1,success,बहिरो बग्ने यो नदी।,बहिरो बग्ने यो नदी।,बहिरो बग्ने यो नदी,14,3.5269,1.1377,,,2026-08-14T13:55:40.851190+00:00,ok,0.25,0.25,3,1,0,0,4,1,14,2,0,2,16,4,4,1.0,0.0,False,False,False,False,,True
mistralai/Voxtral-Mini-3B-2507,main,3060fe34b35ba5d44202ce9ff3c097642914f8f3,1fcb17498781e52634f57ec1dabc05b37faa5ebc0edda2d0b71a2b03878e146c,039b62096708cde7517e6421cb47f6d89c1faa5ba826414de1e8bf62e3e5f24b,audio/5619ae12c9.wav,audio/5619ae12c9.wav,slr54,L2_b,L2,linguistic_rules,6fe608b8973d86f985c53419657b50e905207f4a0e0756e432c38f76d4f8630a,"You are a verbatim transcription system for Nepali speech.
Rules:
1. Write Nepali in Devanagari.
2. Write English words in Latin script.
3. Preserve Nepali-English code-switching in the spoken order.
4. Do not translate.
5. Keep fillers, repetitions, corrections, false starts, and incomplete words.
6. Do not correct grammar or normalize wording.
7. Do not guess inaudible words.
8. Add no timestamps, speaker labels, explanations, or confidence scores.
9. Output only the transcription.
10. Write spoken numbers as Nepali words, not digits.",audio/5619ae12c9.wav,/kaggle/input/datasets/panditaadarsh/oslr54-50-utt/oslr54/audio/5619ae12c9.wav,भएर बग्ने यो नदी,भएर बग्ने यो नदी,भएर बग्ने यो नदी,3.1,success,बहेर बग्ने यो नदी।,बहेर बग्ने यो नदी।,बहेर बग्ने यो नदी,13,3.5668,1.1506,,,2026-08-14T13:55:44.396522+00:00,ok,0.25,0.1875,3,1,0,0,4,1,14,2,0,1,16,3,4,1.0,0.0,False,False,False,False,,True
mistralai/Voxtral-Mini-3B-2507,main,3060fe34b35ba5d44202ce9ff3c097642914f8f3,1fcb17498781e52634f57ec1dabc05b37faa5ebc0edda2d0b71a2b03878e146c,039b62096708cde7517e6421cb47f6d89c1faa5ba826414de1e8bf62e3e5f24b,audio/5619ae12c9.wav,audio/5619ae12c9.wav,slr54,L2_d,L2,linguistic_nepali,e9f3e0193e8c25070a1966ea8419717e1da498cbc875300ff3da7a397a41e92c,"You are a verbatim transcription system for Nepali speech.

नेपाली अडियोमा बोलेको कुरा जस्ताको तस्तै लेख्नुहोस्।

Rules:
1. नेपाली शब्दहरू देवनागरी लिपिमा लेख्नुहोस्।
2. सुनिएको शब्दलाई अनुवाद वा अर्थ परिवर्तन नगरी जस्ताको तस्तै लेख्नुहोस्।
3. English words spoken in the audio must remain in Latin script.
4. नेपाली र English मिसिएको भए बोलेको क्रममै code-switching सुरक्षित राख्नुहोस्।
5. अँ, अहँ, उम्, ए, हैन जस्ता सुनिएका fillers र discourse words नहटाउनुहोस्।
6. दोहोरिएका शब्द, अधुरा शब्द, false starts र speaker corrections जस्ताको तस्तै राख्नुहोस्।
7. व्याकरण, उच्चारण वा बोल्ने शैलीलाई 'सुधारेर' मानक नेपाली नबनाउनुहोस्।
8. अस्पष्ट वा नसुनिएको शब्द अनुमान गरेर नलेख्नुहोस्।
9. बोलेका सङ्ख्या शब्दका रूपमा लेख्नुहोस्, जस्तै एक, दुई, तीन; digits प्रयोग नगर्नुहोस्।
10. कुनै explanation, timestamp, speaker label वा अतिरिक्त text नदिनुहोस्।

Output only the transcription.",audio/5619ae12c9.wav,/kaggle/input/datasets/panditaadarsh/oslr54-50-utt/oslr54/audio/5619ae12c9.wav,भएर बग्ने यो नदी,भएर बग्ने यो नदी,भएर बग्ने यो नदी,3.1,success,बहेर बग्ने यो नदी।,बहेर बग्ने यो नदी।,बहेर बग्ने यो नदी,13,4.4399,1.4322,,,2026-08-14T13:55:47.982145+00:00,ok,0.25,0.1875,3,1,0,0,4,1,14,2,0,1,16,3,4,1.0,0.0,False,False,False,False,,True
mistralai/Voxtral-Mini-3B-2507,main,3060fe34b35ba5d44202ce9ff3c097642914f8f3,1fcb17498781e52634f57ec1dabc05b37faa5ebc0edda2d0b71a2b03878e146c,039b62096708cde7517e6421cb47f6d89c1faa5ba826414de1e8bf62e3e5f24b,audio/5619ae12c9.wav,audio/5619ae12c9.wav,slr54,L2_i,L2,final,f1b798e1d028b45d88f956b0d5e7e10a571bda691f13a54607505a3fbf667bfa,"You are a verbatim transcription system for Nepali speech.

नेपाली अडियोमा बोलेको कुरा जस्ताको तस्तै लेख्नुहोस्।

Rules:
1. नेपाली शब्दहरू देवनागरी लिपिमा लेख्नुहोस्।
2. जे सुनिन्छ त्यही लेख्नुहोस्। अनुवाद, सारांश वा व्याख्या नगर्नुहोस्। अस्पष्ट नेपाली speech भए आफ्नो उत्तम ध्वन्यात्मक अनुमान देवनागरीमा लेख्नुहोस्।
3. English words, names, acronyms र technical terms लाई Latin script मै राख्नुहोस्; देवनागरीमा transliterate नगर्नुहोस्।
4. नेपाली-English code-switching बोलेको स्थान र क्रममै राख्नुहोस्।
5. बोलेका सङ्ख्या digits मा नलेखी शब्दका रूपमा लेख्नुहोस्।
6. fillers, repetitions, corrections र incomplete words जस्ताको तस्तै राख्नुहोस्।
7. grammar वा wording सुधार वा normalize नगर्नुहोस्।
8. explanation, timestamp, speaker label वा अतिरिक्त text नदिनुहोस्।

Output only the transcription.",audio/5619ae12c9.wav,/kaggle/input/datasets/panditaadarsh/oslr54-50-utt/oslr54/audio/5619ae12c9.wav,भएर बग्ने यो नदी,भएर बग्ने यो नदी,भएर बग्ने यो नदी,3.1,success,बहेर बग्ने यो नदी।,बहेर बग्ने यो नदी।,बहेर बग्ने यो नदी,13,4.2103,1.3582,,,2026-08-14T13:55:52.441359+00:00,ok,0.25,0.1875,3,1,0,0,4,1,14,2,0,1,16,3,4,1.0,0.0,False,False,False,False,,True
mistralai/Voxtral-Mini-3B-2507,main,3060fe34b35ba5d44202ce9ff3c097642914f8f3,1fcb17498781e52634f57ec1dabc05b37faa5ebc0edda2d0b71a2b03878e146c,039b62096708cde7517e6421cb47f6d89c1faa5ba826414de1e8bf62e3e5f24b,audio/5baa9996b1.wav,audio/5baa9996b1.wav,slr54,L2_a,L2,linguistic_paragraph,69fbc435aab89329dd9373149c58e54e0dc717e36aca3f87fd966c840d9fb4d5,"Transcribe the spoken Nepali audio verbatim in Devanagari script. Preserve any English words in Latin script and keep Nepali-English code-switching in the spoken order. Do not translate between languages. Keep fillers, repetitions, corrections, false starts, and incomplete words. Do not correct grammar or normalize the speaker's wording. Do not infer inaudible words. Do not add timestamps, speaker labels, explanations, or confidence scores. Return only the transcription.",audio/5baa9996b1.wav,/kaggle/input/datasets/panditaadarsh/oslr54-50-utt/oslr54/audio/5baa9996b1.wav,नेपाली जनता लडे,नेपाली जनता लडे,नेपाली जनता लडे,3.6,success,नेपाली जनता लडे।,नेपाली जनता लडे।,नेपाली जनता लडे,10,3.3645,0.9346,,,2026-08-14T13:55:56.667220+00:00,ok,0.0,0.0,3,0,0,0,3,0,15,0,0,0,15,0,3,1.0,0.0,False,False,False,False,,True
mistralai/Voxtral-Mini-3B-2507,main,3060fe34b35ba5d44202ce9ff3c097642914f8f3,1fcb17498781e52634f57ec1dabc05b37faa5ebc0edda2d0b71a2b03878e146c,039b62096708cde7517e6421cb47f6d89c1faa5ba826414de1e8bf62e3e5f24b,audio/5baa9996b1.wav,audio/5baa9996b1.wav,slr54,L2_b,L2,linguistic_rules,6fe608b8973d86f985c53419657b50e905207f4a0e0756e432c38f76d4f8630a,"You are a verbatim transcription system for Nepali speech.
Rules:
1. Write Nepali in Devanagari.
2. Write English words in Latin script.
3. Preserve Nepali-English code-switching in the spoken order.
4. Do not translate.
5. Keep fillers, repetitions, corrections, false starts, and incomplete words.
6. Do not correct grammar or normalize wording.
7. Do not guess inaudible words.
8. Add no timestamps, speaker labels, explanations, or confidence scores.
9. Output only the transcription.
10. Write spoken numbers as Nepali words, not digits.",audio/5baa9996b1.wav,/kaggle/input/datasets/panditaadarsh/oslr54-50-utt/oslr54/audio/5baa9996b1.wav,नेपाली जनता लडे,नेपाली जनता लडे,नेपाली जनता लडे,3.6,success,नेपाली जनता लडे।,नेपाली जनता लडे।,नेपाली जनता लडे,10,3.4017,0.9449,,,2026-08-14T13:56:00.050830+00:00,ok,0.0,0.0,3,0,0,0,3,0,15,0,0,0,15,0,3,1.0,0.0,False,False,False,False,,True
mistralai/Voxtral-Mini-3B-2507,main,3060fe34b35ba5d44202ce9ff3c097642914f8f3,1fcb17498781e52634f57ec1dabc05b37faa5ebc0edda2d0b71a2b03878e146c,039b62096708cde7517e6421cb47f6d89c1faa5ba826414de1e8bf62e3e5f24b,audio/5baa9996b1.wav,audio/5baa9996b1.wav,slr54,L2_d,L2,linguistic_nepali,e9f3e0193e8c25070a1966ea8419717e1da498cbc875300ff3da7a397a41e92c,"You are a verbatim transcription system for Nepali speech.

नेपाली अडियोमा बोलेको कुरा जस्ताको तस्तै लेख्नुहोस्।

Rules:
1. नेपाली शब्दहरू देवनागरी लिपिमा लेख्नुहोस्।
2. सुनिएको शब्दलाई अनुवाद वा अर्थ परिवर्तन नगरी जस्ताको तस्तै लेख्नुहोस्।
3. English words spoken in the audio must remain in Latin script.
4. नेपाली र English मिसिएको भए बोलेको क्रममै code-switching सुरक्षित राख्नुहोस्।
5. अँ, अहँ, उम्, ए, हैन जस्ता सुनिएका fillers र discourse words नहटाउनुहोस्।
6. दोहोरिएका शब्द, अधुरा शब्द, false starts र speaker corrections जस्ताको तस्तै राख्नुहोस्।
7. व्याकरण, उच्चारण वा बोल्ने शैलीलाई 'सुधारेर' मानक नेपाली नबनाउनुहोस्।
8. अस्पष्ट वा नसुनिएको शब्द अनुमान गरेर नलेख्नुहोस्।
9. बोलेका सङ्ख्या शब्दका रूपमा लेख्नुहोस्, जस्तै एक, दुई, तीन; digits प्रयोग नगर्नुहोस्।
10. कुनै explanation, timestamp, speaker label वा अतिरिक्त text नदिनुहोस्।

Output only the transcription.",audio/5baa9996b1.wav,/kaggle/input/datasets/panditaadarsh/oslr54-50-utt/oslr54/audio/5baa9996b1.wav,नेपाली जनता लडे,नेपाली जनता लडे,नेपाली जनता लडे,3.6,success,नेपाली जनता लडे।,नेपाली जनता लडे।,नेपाली जनता लडे,10,4.2763,1.1879,,,2026-08-14T13:56:03.471836+00:00,ok,0.0,0.0,3,0,0,0,3,0,15,0,0,0,15,0,3,1.0,0.0,False,False,False,False,,True
mistralai/Voxtral-Mini-3B-2507,main,3060fe34b35ba5d44202ce9ff3c097642914f8f3,1fcb17498781e52634f57ec1dabc05b37faa5ebc0edda2d0b71a2b03878e146c,039b62096708cde7517e6421cb47f6d89c1faa5ba826414de1e8bf62e3e5f24b,audio/5baa9996b1.wav,audio/5baa9996b1.wav,slr54,L2_i,L2,final,f1b798e1d028b45d88f956b0d5e7e10a571bda691f13a54607505a3fbf667bfa,"You are a verbatim transcription system for Nepali speech.

नेपाली अडियोमा बोलेको कुरा जस्ताको तस्तै लेख्नुहोस्।

Rules:
1. नेपाली शब्दहरू देवनागरी लिपिमा लेख्नुहोस्।
2. जे सुनिन्छ त्यही लेख्नुहोस्। अनुवाद, सारांश वा व्याख्या नगर्नुहोस्। अस्पष्ट नेपाली speech भए आफ्नो उत्तम ध्वन्यात्मक अनुमान देवनागरीमा लेख्नुहोस्।
3. English words, names, acronyms र technical terms लाई Latin script मै राख्नुहोस्; देवनागरीमा transliterate नगर्नुहोस्।
4. नेपाली-English code-switching बोलेको स्थान र क्रममै राख्नुहोस्।
5. बोलेका सङ्ख्या digits मा नलेखी शब्दका रूपमा लेख्नुहोस्।
6. fillers, repetitions, corrections र incomplete words जस्ताको तस्तै राख्नुहोस्।
7. grammar वा wording सुधार वा normalize नगर्नुहोस्।
8. explanation, timestamp, speaker label वा अतिरिक्त text नदिनुहोस्।

Output only the transcription.",audio/5baa9996b1.wav,/kaggle/input/datasets/panditaadarsh/oslr54-50-utt/oslr54/audio/5baa9996b1.wav,नेपाली जनता लडे,नेपाली जनता लडे,नेपाली जनता लडे,3.6,success,नेपाली जनता लडे।,नेपाली जनता लडे।,नेपाली जनता लडे,10,4.0275,1.1188,,,2026-08-14T13:56:07.765633+00:00,ok,0.0,0.0,3,0,0,0,3,0,15,0,0,0,15,0,3,1.0,0.0,False,False,False,False,,True
mistralai/Voxtral-Mini-3B-2507,main,3060fe34b35ba5d44202ce9ff3c097642914f8f3,1fcb17498781e52634f57ec1dabc05b37faa5ebc0edda2d0b71a2b03878e146c,039b62096708cde7517e6421cb47f6d89c1faa5ba826414de1e8bf62e3e5f24b,audio/5f50aee9e9.wav,audio/5f50aee9e9.wav,slr54,L2_a,L2,linguistic_paragraph,69fbc435aab89329dd9373149c58e54e0dc717e36aca3f87fd966c840d9fb4d5,"Transcribe the spoken Nepali audio verbatim in Devanagari script. Preserve any English words in Latin script and keep Nepali-English code-switching in the spoken order. Do not translate between languages. Keep fillers, repetitions, corrections, false starts, and incomplete words. Do not correct grammar or normalize the speaker's wording. Do not infer inaudible words. Do not add timestamps, speaker labels, explanations, or confidence scores. Return only the transcription.",audio/5f50aee9e9.wav,/kaggle/input/datasets/panditaadarsh/oslr54-50-utt/oslr54/audio/5f50aee9e9.wav,इत्यादिका औषधिहरूमा,इत्यादिका औषधिहरूमा,इत्यादिका औषधिहरूमा,5.1,success,इतिहा दिईका औषधिहरूमा।,इतिहा दिईका औषधिहरूमा।,इतिहा दिईका औषधिहरूमा,17,3.6877,0.7231,,,2026-08-14T13:56:11.808536+00:00,ok,1.0,0.21052631578947367,1,1,0,1,2,2,17,2,0,2,19,4,3,1.5,0.5,False,False,False,False,,True
mistralai/Voxtral-Mini-3B-2507,main,3060fe34b35ba5d44202ce9ff3c097642914f8f3,1fcb17498781e52634f57ec1dabc05b37faa5ebc0edda2d0b71a2b03878e146c,039b62096708cde7517e6421cb47f6d89c1faa5ba826414de1e8bf62e3e5f24b,audio/5f50aee9e9.wav,audio/5f50aee9e9.wav,slr54,L2_b,L2,linguistic_rules,6fe608b8973d86f985c53419657b50e905207f4a0e0756e432c38f76d4f8630a,"You are a verbatim transcription system for Nepali speech.
Rules:
1. Write Nepali in Devanagari.
2. Write English words in Latin script.
3. Preserve Nepali-English code-switching in the spoken order.
4. Do not translate.
5. Keep fillers, repetitions, corrections, false starts, and incomplete words.
6. Do not correct grammar or normalize wording.
7. Do not guess inaudible words.
8. Add no timestamps, speaker labels, explanations, or confidence scores.
9. Output only the transcription.
10. Write spoken numbers as Nepali words, not digits.",audio/5f50aee9e9.wav,/kaggle/input/datasets/panditaadarsh/oslr54-50-utt/oslr54/audio/5f50aee9e9.wav,इत्यादिका औषधिहरूमा,इत्यादिका औषधिहरूमा,इत्यादिका औषधिहरूमा,5.1,success,इत्या दिका औषधिहरुमा।,इत्या दिका औषधिहरुमा।,इत्या दिका औषधिहरुमा,14,3.7246,0.7303,,,2026-08-14T13:56:15.515741+00:00,ok,1.5,0.10526315789473684,0,2,0,1,2,3,18,1,0,1,19,2,3,1.5,0.5,False,False,False,False,,True
mistralai/Voxtral-Mini-3B-2507,main,3060fe34b35ba5d44202ce9ff3c097642914f8f3,1fcb17498781e52634f57ec1dabc05b37faa5ebc0edda2d0b71a2b03878e146c,039b62096708cde7517e6421cb47f6d89c1faa5ba826414de1e8bf62e3e5f24b,audio/5f50aee9e9.wav,audio/5f50aee9e9.wav,slr54,L2_d,L2,linguistic_nepali,e9f3e0193e8c25070a1966ea8419717e1da498cbc875300ff3da7a397a41e92c,"You are a verbatim transcription system for Nepali speech.

नेपाली अडियोमा बोलेको कुरा जस्ताको तस्तै लेख्नुहोस्।

Rules:
1. नेपाली शब्दहरू देवनागरी लिपिमा लेख्नुहोस्।
2. सुनिएको शब्दलाई अनुवाद वा अर्थ परिवर्तन नगरी जस्ताको तस्तै लेख्नुहोस्।
3. English words spoken in the audio must remain in Latin script.
4. नेपाली र English मिसिएको भए बोलेको क्रममै code-switching सुरक्षित राख्नुहोस्।
5. अँ, अहँ, उम्, ए, हैन जस्ता सुनिएका fillers र discourse words नहटाउनुहोस्।
6. दोहोरिएका शब्द, अधुरा शब्द, false starts र speaker corrections जस्ताको तस्तै राख्नुहोस्।
7. व्याकरण, उच्चारण वा बोल्ने शैलीलाई 'सुधारेर' मानक नेपाली नबनाउनुहोस्।
8. अस्पष्ट वा नसुनिएको शब्द अनुमान गरेर नलेख्नुहोस्।
9. बोलेका सङ्ख्या शब्दका रूपमा लेख्नुहोस्, जस्तै एक, दुई, तीन; digits प्रयोग नगर्नुहोस्।
10. कुनै explanation, timestamp, speaker label वा अतिरिक्त text नदिनुहोस्।

Output only the transcription.",audio/5f50aee9e9.wav,/kaggle/input/datasets/panditaadarsh/oslr54-50-utt/oslr54/audio/5f50aee9e9.wav,इत्यादिका औषधिहरूमा,इत्यादिका औषधिहरूमा,इत्यादिका औषधिहरूमा,5.1,success,इतेधिका औषधिहरुमा।,इतेधिका औषधिहरुमा।,इतेधिका औषधिहरुमा,14,4.472,0.8769,,,2026-08-14T13:56:19.256750+00:00,ok,1.0,0.2631578947368421,0,2,0,0,2,2,14,3,2,0,19,5,2,1.0,0.0,False,False,False,False,,True
mistralai/Voxtral-Mini-3B-2507,main,3060fe34b35ba5d44202ce9ff3c097642914f8f3,1fcb17498781e52634f57ec1dabc05b37faa5ebc0edda2d0b71a2b03878e146c,039b62096708cde7517e6421cb47f6d89c1faa5ba826414de1e8bf62e3e5f24b,audio/5f50aee9e9.wav,audio/5f50aee9e9.wav,slr54,L2_i,L2,final,f1b798e1d028b45d88f956b0d5e7e10a571bda691f13a54607505a3fbf667bfa,"You are a verbatim transcription system for Nepali speech.

नेपाली अडियोमा बोलेको कुरा जस्ताको तस्तै लेख्नुहोस्।

Rules:
1. नेपाली शब्दहरू देवनागरी लिपिमा लेख्नुहोस्।
2. जे सुनिन्छ त्यही लेख्नुहोस्। अनुवाद, सारांश वा व्याख्या नगर्नुहोस्। अस्पष्ट नेपाली speech भए आफ्नो उत्तम ध्वन्यात्मक अनुमान देवनागरीमा लेख्नुहोस्।
3. English words, names, acronyms र technical terms लाई Latin script मै राख्नुहोस्; देवनागरीमा transliterate नगर्नुहोस्।
4. नेपाली-English code-switching बोलेको स्थान र क्रममै राख्नुहोस्।
5. बोलेका सङ्ख्या digits मा नलेखी शब्दका रूपमा लेख्नुहोस्।
6. fillers, repetitions, corrections र incomplete words जस्ताको तस्तै राख्नुहोस्।
7. grammar वा wording सुधार वा normalize नगर्नुहोस्।
8. explanation, timestamp, speaker label वा अतिरिक्त text नदिनुहोस्।

Output only the transcription.",audio/5f50aee9e9.wav,/kaggle/input/datasets/panditaadarsh/oslr54-50-utt/oslr54/audio/5f50aee9e9.wav,इत्यादिका औषधिहरूमा,इत्यादिका औषधिहरूमा,इत्यादिका औषधिहरूमा,5.1,success,इतेधिका औषधिहरूमा।,इतेधिका औषधिहरूमा।,इतेधिका औषधिहरूमा,14,4.2615,0.8356,,,2026-08-14T13:56:23.751756+00:00,ok,0.5,0.21052631578947367,1,1,0,0,2,1,15,2,2,0,19,4,2,1.0,0.0,False,False,False,False,,True
mistralai/Voxtral-Mini-3B-2507,main,3060fe34b35ba5d44202ce9ff3c097642914f8f3,1fcb17498781e52634f57ec1dabc05b37faa5ebc0edda2d0b71a2b03878e146c,039b62096708cde7517e6421cb47f6d89c1faa5ba826414de1e8bf62e3e5f24b,audio/575b29a025.wav,audio/575b29a025.wav,slr54,L2_a,L2,linguistic_paragraph,69fbc435aab89329dd9373149c58e54e0dc717e36aca3f87fd966c840d9fb4d5,"Transcribe the spoken Nepali audio verbatim in Devanagari script. Preserve any English words in Latin script and keep Nepali-English code-switching in the spoken order. Do not translate between languages. Keep fillers, repetitions, corrections, false starts, and incomplete words. Do not correct grammar or normalize the speaker's wording. Do not infer inaudible words. Do not add timestamps, speaker labels, explanations, or confidence scores. Return only the transcription.",audio/575b29a025.wav,/kaggle/input/datasets/panditaadarsh/oslr54-50-utt/oslr54/audio/575b29a025.wav,लेख लेख्‍ने पेजमा,लेख लेख्‍ने पेजमा,लेख लेख्‍ने पेजमा,2.3,success,"लेख, लेखनी पिज्मा।","लेख, लेखनी पिज्मा।",लेख लेखनी पिज्मा,11,3.4335,1.4928,,,2026-08-14T13:56:28.030631+00:00,ok,0.6666666666666666,0.29411764705882354,1,2,0,0,3,2,13,2,2,1,17,5,3,1.0,0.0,False,False,False,False,,True
mistralai/Voxtral-Mini-3B-2507,main,3060fe34b35ba5d44202ce9ff3c097642914f8f3,1fcb17498781e52634f57ec1dabc05b37faa5ebc0edda2d0b71a2b03878e146c,039b62096708cde7517e6421cb47f6d89c1faa5ba826414de1e8bf62e3e5f24b,audio/575b29a025.wav,audio/575b29a025.wav,slr54,L2_b,L2,linguistic_rules,6fe608b8973d86f985c53419657b50e905207f4a0e0756e432c38f76d4f8630a,"You are a verbatim transcription system for Nepali speech.
Rules:
1. Write Nepali in Devanagari.
2. Write English words in Latin script.
3. Preserve Nepali-English code-switching in the spoken order.
4. Do not translate.
5. Keep fillers, repetitions, corrections, false starts, and incomplete words.
6. Do not correct grammar or normalize wording.
7. Do not guess inaudible words.
8. Add no timestamps, speaker labels, explanations, or confidence scores.
9. Output only the transcription.
10. Write spoken numbers as Nepali words, not digits.",audio/575b29a025.wav,/kaggle/input/datasets/panditaadarsh/oslr54-50-utt/oslr54/audio/575b29a025.wav,लेख लेख्‍ने पेजमा,लेख लेख्‍ने पेजमा,लेख लेख्‍ने पेजमा,2.3,success,लिग्लिग्ने पिज्मा।,लिग्लिग्ने पिज्मा।,लिग्लिग्ने पिज्मा,12,3.4955,1.5198,,,2026-08-14T13:56:31.481656+00:00,ok,1.0,0.47058823529411764,0,2,1,0,3,3,10,6,1,1,17,8,2,0.6667,0.0,False,False,False,False,,True
mistralai/Voxtral-Mini-3B-2507,main,3060fe34b35ba5d44202ce9ff3c097642914f8f3,1fcb17498781e52634f57ec1dabc05b37faa5ebc0edda2d0b71a2b03878e146c,039b62096708cde7517e6421cb47f6d89c1faa5ba826414de1e8bf62e3e5f24b,audio/575b29a025.wav,audio/575b29a025.wav,slr54,L2_d,L2,linguistic_nepali,e9f3e0193e8c25070a1966ea8419717e1da498cbc875300ff3da7a397a41e92c,"You are a verbatim transcription system for Nepali speech.

नेपाली अडियोमा बोलेको कुरा जस्ताको तस्तै लेख्नुहोस्।

Rules:
1. नेपाली शब्दहरू देवनागरी लिपिमा लेख्नुहोस्।
2. सुनिएको शब्दलाई अनुवाद वा अर्थ परिवर्तन नगरी जस्ताको तस्तै लेख्नुहोस्।
3. English words spoken in the audio must remain in Latin script.
4. नेपाली र English मिसिएको भए बोलेको क्रममै code-switching सुरक्षित राख्नुहोस्।
5. अँ, अहँ, उम्, ए, हैन जस्ता सुनिएका fillers र discourse words नहटाउनुहोस्।
6. दोहोरिएका शब्द, अधुरा शब्द, false starts र speaker corrections जस्ताको तस्तै राख्नुहोस्।
7. व्याकरण, उच्चारण वा बोल्ने शैलीलाई 'सुधारेर' मानक नेपाली नबनाउनुहोस्।
8. अस्पष्ट वा नसुनिएको शब्द अनुमान गरेर नलेख्नुहोस्।
9. बोलेका सङ्ख्या शब्दका रूपमा लेख्नुहोस्, जस्तै एक, दुई, तीन; digits प्रयोग नगर्नुहोस्।
10. कुनै explanation, timestamp, speaker label वा अतिरिक्त text नदिनुहोस्।

Output only the transcription.",audio/575b29a025.wav,/kaggle/input/datasets/panditaadarsh/oslr54-50-utt/oslr54/audio/575b29a025.wav,लेख लेख्‍ने पेजमा,लेख लेख्‍ने पेजमा,लेख लेख्‍ने पेजमा,2.3,success,लिग्लिग्निपिज्मा।,लिग्लिग्निपिज्मा।,लिग्लिग्निपिज्मा,11,4.3037,1.8712,,,2026-08-14T13:56:34.992007+00:00,ok,1.0,0.5882352941176471,0,1,2,0,3,3,8,7,2,1,17,10,1,0.3333,0.0,False,False,False,False,,True
mistralai/Voxtral-Mini-3B-2507,main,3060fe34b35ba5d44202ce9ff3c097642914f8f3,1fcb17498781e52634f57ec1dabc05b37faa5ebc0edda2d0b71a2b03878e146c,039b62096708cde7517e6421cb47f6d89c1faa5ba826414de1e8bf62e3e5f24b,audio/575b29a025.wav,audio/575b29a025.wav,slr54,L2_i,L2,final,f1b798e1d028b45d88f956b0d5e7e10a571bda691f13a54607505a3fbf667bfa,"You are a verbatim transcription system for Nepali speech.

नेपाली अडियोमा बोलेको कुरा जस्ताको तस्तै लेख्नुहोस्।

Rules:
1. नेपाली शब्दहरू देवनागरी लिपिमा लेख्नुहोस्।
2. जे सुनिन्छ त्यही लेख्नुहोस्। अनुवाद, सारांश वा व्याख्या नगर्नुहोस्। अस्पष्ट नेपाली speech भए आफ्नो उत्तम ध्वन्यात्मक अनुमान देवनागरीमा लेख्नुहोस्।
3. English words, names, acronyms र technical terms लाई Latin script मै राख्नुहोस्; देवनागरीमा transliterate नगर्नुहोस्।
4. नेपाली-English code-switching बोलेको स्थान र क्रममै राख्नुहोस्।
5. बोलेका सङ्ख्या digits मा नलेखी शब्दका रूपमा लेख्नुहोस्।
6. fillers, repetitions, corrections र incomplete words जस्ताको तस्तै राख्नुहोस्।
7. grammar वा wording सुधार वा normalize नगर्नुहोस्।
8. explanation, timestamp, speaker label वा अतिरिक्त text नदिनुहोस्।

Output only the transcription.",audio/575b29a025.wav,/kaggle/input/datasets/panditaadarsh/oslr54-50-utt/oslr54/audio/575b29a025.wav,लेख लेख्‍ने पेजमा,लेख लेख्‍ने पेजमा,लेख लेख्‍ने पेजमा,2.3,success,लिग्लिग्निपीज्मा।,लिग्लिग्निपीज्मा।,लिग्लिग्निपीज्मा,12,4.1255,1.7937,,,2026-08-14T13:56:39.311003+00:00,ok,1.0,0.5882352941176471,0,1,2,0,3,3,8,7,2,1,17,10,1,0.3333,0.0,False,False,False,False,,True
mistralai/Voxtral-Mini-3B-2507,main,3060fe34b35ba5d44202ce9ff3c097642914f8f3,1fcb17498781e52634f57ec1dabc05b37faa5ebc0edda2d0b71a2b03878e146c,039b62096708cde7517e6421cb47f6d89c1faa5ba826414de1e8bf62e3e5f24b,audio/517b874791.wav,audio/517b874791.wav,slr54,L2_a,L2,linguistic_paragraph,69fbc435aab89329dd9373149c58e54e0dc717e36aca3f87fd966c840d9fb4d5,"Transcribe the spoken Nepali audio verbatim in Devanagari script. Preserve any English words in Latin script and keep Nepali-English code-switching in the spoken order. Do not translate between languages. Keep fillers, repetitions, corrections, false starts, and incomplete words. Do not correct grammar or normalize the speaker's wording. Do not infer inaudible words. Do not add timestamps, speaker labels, explanations, or confidence scores. Return only the transcription.",audio/517b874791.wav,/kaggle/input/datasets/panditaadarsh/oslr54-50-utt/oslr54/audio/517b874791.wav,स्नान गर्नका लागि आउँछन्,स्नान गर्नका लागि आउँछन्,स्नान गर्नका लागि आउँछन्,2.8,success,स्नान गर्न लागेका हुन्।,स्नान गर्न लागेका हुन्।,स्नान गर्न लागेका हुन्,13,3.4876,1.2456,,,2026-08-14T13:56:43.452291+00:00,ok,0.75,0.3333333333333333,1,3,0,0,4,3,16,6,2,0,24,8,4,1.0,0.0,False,False,False,False,,True
mistralai/Voxtral-Mini-3B-2507,main,3060fe34b35ba5d44202ce9ff3c097642914f8f3,1fcb17498781e52634f57ec1dabc05b37faa5ebc0edda2d0b71a2b03878e146c,039b62096708cde7517e6421cb47f6d89c1faa5ba826414de1e8bf62e3e5f24b,audio/517b874791.wav,audio/517b874791.wav,slr54,L2_b,L2,linguistic_rules,6fe608b8973d86f985c53419657b50e905207f4a0e0756e432c38f76d4f8630a,"You are a verbatim transcription system for Nepali speech.
Rules:
1. Write Nepali in Devanagari.
2. Write English words in Latin script.
3. Preserve Nepali-English code-switching in the spoken order.
4. Do not translate.
5. Keep fillers, repetitions, corrections, false starts, and incomplete words.
6. Do not correct grammar or normalize wording.
7. Do not guess inaudible words.
8. Add no timestamps, speaker labels, explanations, or confidence scores.
9. Output only the transcription.
10. Write spoken numbers as Nepali words, not digits.",audio/517b874791.wav,/kaggle/input/datasets/panditaadarsh/oslr54-50-utt/oslr54/audio/517b874791.wav,स्नान गर्नका लागि आउँछन्,स्नान गर्नका लागि आउँछन्,स्नान गर्नका लागि आउँछन्,2.8,success,स्नान गर्न लागे हो।,स्नान गर्न लागे हो।,स्नान गर्न लागे हो,10,3.4315,1.2255,,,2026-08-14T13:56:46.957040+00:00,ok,0.75,0.375,1,3,0,0,4,3,15,3,6,0,24,9,4,1.0,0.0,False,False,False,False,,True
mistralai/Voxtral-Mini-3B-2507,main,3060fe34b35ba5d44202ce9ff3c097642914f8f3,1fcb17498781e52634f57ec1dabc05b37faa5ebc0edda2d0b71a2b03878e146c,039b62096708cde7517e6421cb47f6d89c1faa5ba826414de1e8bf62e3e5f24b,audio/517b874791.wav,audio/517b874791.wav,slr54,L2_d,L2,linguistic_nepali,e9f3e0193e8c25070a1966ea8419717e1da498cbc875300ff3da7a397a41e92c,"You are a verbatim transcription system for Nepali speech.

नेपाली अडियोमा बोलेको कुरा जस्ताको तस्तै लेख्नुहोस्।

Rules:
1. नेपाली शब्दहरू देवनागरी लिपिमा लेख्नुहोस्।
2. सुनिएको शब्दलाई अनुवाद वा अर्थ परिवर्तन नगरी जस्ताको तस्तै लेख्नुहोस्।
3. English words spoken in the audio must remain in Latin script.
4. नेपाली र English मिसिएको भए बोलेको क्रममै code-switching सुरक्षित राख्नुहोस्।
5. अँ, अहँ, उम्, ए, हैन जस्ता सुनिएका fillers र discourse words नहटाउनुहोस्।
6. दोहोरिएका शब्द, अधुरा शब्द, false starts र speaker corrections जस्ताको तस्तै राख्नुहोस्।
7. व्याकरण, उच्चारण वा बोल्ने शैलीलाई 'सुधारेर' मानक नेपाली नबनाउनुहोस्।
8. अस्पष्ट वा नसुनिएको शब्द अनुमान गरेर नलेख्नुहोस्।
9. बोलेका सङ्ख्या शब्दका रूपमा लेख्नुहोस्, जस्तै एक, दुई, तीन; digits प्रयोग नगर्नुहोस्।
10. कुनै explanation, timestamp, speaker label वा अतिरिक्त text नदिनुहोस्।

Output only the transcription.",audio/517b874791.wav,/kaggle/input/datasets/panditaadarsh/oslr54-50-utt/oslr54/audio/517b874791.wav,स्नान गर्नका लागि आउँछन्,स्नान गर्नका लागि आउँछन्,स्नान गर्नका लागि आउँछन्,2.8,success,स्नान गर्न लागे हो?,स्नान गर्न लागे हो?,स्नान गर्न लागे हो,10,4.2553,1.5197,,,2026-08-14T13:56:50.403911+00:00,ok,0.75,0.375,1,3,0,0,4,3,15,3,6,0,24,9,4,1.0,0.0,False,False,False,False,,True
mistralai/Voxtral-Mini-3B-2507,main,3060fe34b35ba5d44202ce9ff3c097642914f8f3,1fcb17498781e52634f57ec1dabc05b37faa5ebc0edda2d0b71a2b03878e146c,039b62096708cde7517e6421cb47f6d89c1faa5ba826414de1e8bf62e3e5f24b,audio/517b874791.wav,audio/517b874791.wav,slr54,L2_i,L2,final,f1b798e1d028b45d88f956b0d5e7e10a571bda691f13a54607505a3fbf667bfa,"You are a verbatim transcription system for Nepali speech.

नेपाली अडियोमा बोलेको कुरा जस्ताको तस्तै लेख्नुहोस्।

Rules:
1. नेपाली शब्दहरू देवनागरी लिपिमा लेख्नुहोस्।
2. जे सुनिन्छ त्यही लेख्नुहोस्। अनुवाद, सारांश वा व्याख्या नगर्नुहोस्। अस्पष्ट नेपाली speech भए आफ्नो उत्तम ध्वन्यात्मक अनुमान देवनागरीमा लेख्नुहोस्।
3. English words, names, acronyms र technical terms लाई Latin script मै राख्नुहोस्; देवनागरीमा transliterate नगर्नुहोस्।
4. नेपाली-English code-switching बोलेको स्थान र क्रममै राख्नुहोस्।
5. बोलेका सङ्ख्या digits मा नलेखी शब्दका रूपमा लेख्नुहोस्।
6. fillers, repetitions, corrections र incomplete words जस्ताको तस्तै राख्नुहोस्।
7. grammar वा wording सुधार वा normalize नगर्नुहोस्।
8. explanation, timestamp, speaker label वा अतिरिक्त text नदिनुहोस्।

Output only the transcription.",audio/517b874791.wav,/kaggle/input/datasets/panditaadarsh/oslr54-50-utt/oslr54/audio/517b874791.wav,स्नान गर्नका लागि आउँछन्,स्नान गर्नका लागि आउँछन्,स्नान गर्नका लागि आउँछन्,2.8,success,स्नान गर्न लागे आउँछन।,स्नान गर्न लागे आउँछन।,स्नान गर्न लागे आउँछन,14,4.2341,1.5122,,,2026-08-14T13:56:54.674820+00:00,ok,0.75,0.16666666666666666,1,3,0,0,4,3,20,1,3,0,24,4,4,1.0,0.0,False,False,False,False,,True
mistralai/Voxtral-Mini-3B-2507,main,3060fe34b35ba5d44202ce9ff3c097642914f8f3,1fcb17498781e52634f57ec1dabc05b37faa5ebc0edda2d0b71a2b03878e146c,039b62096708cde7517e6421cb47f6d89c1faa5ba826414de1e8bf62e3e5f24b,audio/5153918dc7.wav,audio/5153918dc7.wav,slr54,L2_a,L2,linguistic_paragraph,69fbc435aab89329dd9373149c58e54e0dc717e36aca3f87fd966c840d9fb4d5,"Transcribe the spoken Nepali audio verbatim in Devanagari script. Preserve any English words in Latin script and keep Nepali-English code-switching in the spoken order. Do not translate between languages. Keep fillers, repetitions, corrections, false starts, and incomplete words. Do not correct grammar or normalize the speaker's wording. Do not infer inaudible words. Do not add timestamps, speaker labels, explanations, or confidence scores. Return only the transcription.",audio/5153918dc7.wav,/kaggle/input/datasets/panditaadarsh/oslr54-50-utt/oslr54/audio/5153918dc7.wav,गठन गर्दा,गठन गर्दा,गठन गर्दा,3.0,success,कतन गर्दा,कतन गर्दा,कतन गर्दा,7,3.2031,1.0677,,,2026-08-14T13:56:58.928708+00:00,ok,0.5,0.2222222222222222,1,1,0,0,2,1,7,2,0,0,9,2,2,1.0,0.0,False,False,False,False,,True
mistralai/Voxtral-Mini-3B-2507,main,3060fe34b35ba5d44202ce9ff3c097642914f8f3,1fcb17498781e52634f57ec1dabc05b37faa5ebc0edda2d0b71a2b03878e146c,039b62096708cde7517e6421cb47f6d89c1faa5ba826414de1e8bf62e3e5f24b,audio/5153918dc7.wav,audio/5153918dc7.wav,slr54,L2_b,L2,linguistic_rules,6fe608b8973d86f985c53419657b50e905207f4a0e0756e432c38f76d4f8630a,"You are a verbatim transcription system for Nepali speech.
Rules:
1. Write Nepali in Devanagari.
2. Write English words in Latin script.
3. Preserve Nepali-English code-switching in the spoken order.
4. Do not translate.
5. Keep fillers, repetitions, corrections, false starts, and incomplete words.
6. Do not correct grammar or normalize wording.
7. Do not guess inaudible words.
8. Add no timestamps, speaker labels, explanations, or confidence scores.
9. Output only the transcription.
10. Write spoken numbers as Nepali words, not digits.",audio/5153918dc7.wav,/kaggle/input/datasets/panditaadarsh/oslr54-50-utt/oslr54/audio/5153918dc7.wav,गठन गर्दा,गठन गर्दा,गठन गर्दा,3.0,success,कोठन गर्दा,कोठन गर्दा,कोठन गर्दा,7,3.2191,1.073,,,2026-08-14T13:57:02.150422+00:00,ok,0.5,0.2222222222222222,1,1,0,0,2,1,8,1,0,1,9,2,2,1.0,0.0,False,False,False,False,,True
mistralai/Voxtral-Mini-3B-2507,main,3060fe34b35ba5d44202ce9ff3c097642914f8f3,1fcb17498781e52634f57ec1dabc05b37faa5ebc0edda2d0b71a2b03878e146c,039b62096708cde7517e6421cb47f6d89c1faa5ba826414de1e8bf62e3e5f24b,audio/5153918dc7.wav,audio/5153918dc7.wav,slr54,L2_d,L2,linguistic_nepali,e9f3e0193e8c25070a1966ea8419717e1da498cbc875300ff3da7a397a41e92c,"You are a verbatim transcription system for Nepali speech.

नेपाली अडियोमा बोलेको कुरा जस्ताको तस्तै लेख्नुहोस्।

Rules:
1. नेपाली शब्दहरू देवनागरी लिपिमा लेख्नुहोस्।
2. सुनिएको शब्दलाई अनुवाद वा अर्थ परिवर्तन नगरी जस्ताको तस्तै लेख्नुहोस्।
3. English words spoken in the audio must remain in Latin script.
4. नेपाली र English मिसिएको भए बोलेको क्रममै code-switching सुरक्षित राख्नुहोस्।
5. अँ, अहँ, उम्, ए, हैन जस्ता सुनिएका fillers र discourse words नहटाउनुहोस्।
6. दोहोरिएका शब्द, अधुरा शब्द, false starts र speaker corrections जस्ताको तस्तै राख्नुहोस्।
7. व्याकरण, उच्चारण वा बोल्ने शैलीलाई 'सुधारेर' मानक नेपाली नबनाउनुहोस्।
8. अस्पष्ट वा नसुनिएको शब्द अनुमान गरेर नलेख्नुहोस्।
9. बोलेका सङ्ख्या शब्दका रूपमा लेख्नुहोस्, जस्तै एक, दुई, तीन; digits प्रयोग नगर्नुहोस्।
10. कुनै explanation, timestamp, speaker label वा अतिरिक्त text नदिनुहोस्।

Output only the transcription.",audio/5153918dc7.wav,/kaggle/input/datasets/panditaadarsh/oslr54-50-utt/oslr54/audio/5153918dc7.wav,गठन गर्दा,गठन गर्दा,गठन गर्दा,3.0,success,कोठन गर्दा।,कोठन गर्दा।,कोठन गर्दा,8,4.1582,1.3861,,,2026-08-14T13:57:05.385588+00:00,ok,0.5,0.2222222222222222,1,1,0,0,2,1,8,1,0,1,9,2,2,1.0,0.0,False,False,False,False,,True
mistralai/Voxtral-Mini-3B-2507,main,3060fe34b35ba5d44202ce9ff3c097642914f8f3,1fcb17498781e52634f57ec1dabc05b37faa5ebc0edda2d0b71a2b03878e146c,039b62096708cde7517e6421cb47f6d89c1faa5ba826414de1e8bf62e3e5f24b,audio/5153918dc7.wav,audio/5153918dc7.wav,slr54,L2_i,L2,final,f1b798e1d028b45d88f956b0d5e7e10a571bda691f13a54607505a3fbf667bfa,"You are a verbatim transcription system for Nepali speech.

नेपाली अडियोमा बोलेको कुरा जस्ताको तस्तै लेख्नुहोस्।

Rules:
1. नेपाली शब्दहरू देवनागरी लिपिमा लेख्नुहोस्।
2. जे सुनिन्छ त्यही लेख्नुहोस्। अनुवाद, सारांश वा व्याख्या नगर्नुहोस्। अस्पष्ट नेपाली speech भए आफ्नो उत्तम ध्वन्यात्मक अनुमान देवनागरीमा लेख्नुहोस्।
3. English words, names, acronyms र technical terms लाई Latin script मै राख्नुहोस्; देवनागरीमा transliterate नगर्नुहोस्।
4. नेपाली-English code-switching बोलेको स्थान र क्रममै राख्नुहोस्।
5. बोलेका सङ्ख्या digits मा नलेखी शब्दका रूपमा लेख्नुहोस्।
6. fillers, repetitions, corrections र incomplete words जस्ताको तस्तै राख्नुहोस्।
7. grammar वा wording सुधार वा normalize नगर्नुहोस्।
8. explanation, timestamp, speaker label वा अतिरिक्त text नदिनुहोस्।

Output only the transcription.",audio/5153918dc7.wav,/kaggle/input/datasets/panditaadarsh/oslr54-50-utt/oslr54/audio/5153918dc7.wav,गठन गर्दा,गठन गर्दा,गठन गर्दा,3.0,success,कतन गर्दा।,कतन गर्दा।,कतन गर्दा,8,3.9199,1.3066,,,2026-08-14T13:57:09.565239+00:00,ok,0.5,0.2222222222222222,1,1,0,0,2,1,7,2,0,0,9,2,2,1.0,0.0,False,False,False,False,,True
mistralai/Voxtral-Mini-3B-2507,main,3060fe34b35ba5d44202ce9ff3c097642914f8f3,1fcb17498781e52634f57ec1dabc05b37faa5ebc0edda2d0b71a2b03878e146c,039b62096708cde7517e6421cb47f6d89c1faa5ba826414de1e8bf62e3e5f24b,audio/5c4691581e.wav,audio/5c4691581e.wav,slr54,L2_a,L2,linguistic_paragraph,69fbc435aab89329dd9373149c58e54e0dc717e36aca3f87fd966c840d9fb4d5,"Transcribe the spoken Nepali audio verbatim in Devanagari script. Preserve any English words in Latin script and keep Nepali-English code-switching in the spoken order. Do not translate between languages. Keep fillers, repetitions, corrections, false starts, and incomplete words. Do not correct grammar or normalize the speaker's wording. Do not infer inaudible words. Do not add timestamps, speaker labels, explanations, or confidence scores. Return only the transcription.",audio/5c4691581e.wav,/kaggle/input/datasets/panditaadarsh/oslr54-50-utt/oslr54/audio/5c4691581e.wav,मासिक अङ्ग्रेजी द नेपाल,मासिक अङ्ग्रेजी द नेपाल,मासिक अङ्ग्रेजी द नेपाल,5.3,success,माझी अंग्रेजी नेपालमा,माझी अंग्रेजी नेपालमा,माझी अंग्रेजी नेपालमा,11,3.3949,0.6406,,,2026-08-14T13:57:13.500502+00:00,ok,1.0,0.391304347826087,0,3,1,0,4,4,16,3,4,2,23,9,3,0.75,0.0,False,False,False,False,,True
mistralai/Voxtral-Mini-3B-2507,main,3060fe34b35ba5d44202ce9ff3c097642914f8f3,1fcb17498781e52634f57ec1dabc05b37faa5ebc0edda2d0b71a2b03878e146c,039b62096708cde7517e6421cb47f6d89c1faa5ba826414de1e8bf62e3e5f24b,audio/5c4691581e.wav,audio/5c4691581e.wav,slr54,L2_b,L2,linguistic_rules,6fe608b8973d86f985c53419657b50e905207f4a0e0756e432c38f76d4f8630a,"You are a verbatim transcription system for Nepali speech.
Rules:
1. Write Nepali in Devanagari.
2. Write English words in Latin script.
3. Preserve Nepali-English code-switching in the spoken order.
4. Do not translate.
5. Keep fillers, repetitions, corrections, false starts, and incomplete words.
6. Do not correct grammar or normalize wording.
7. Do not guess inaudible words.
8. Add no timestamps, speaker labels, explanations, or confidence scores.
9. Output only the transcription.
10. Write spoken numbers as Nepali words, not digits.",audio/5c4691581e.wav,/kaggle/input/datasets/panditaadarsh/oslr54-50-utt/oslr54/audio/5c4691581e.wav,मासिक अङ्ग्रेजी द नेपाल,मासिक अङ्ग्रेजी द नेपाल,मासिक अङ्ग्रेजी द नेपाल,5.3,success,माछी अंग्रेजी नेपालमा,माछी अंग्रेजी नेपालमा,माछी अंग्रेजी नेपालमा,11,3.4589,0.6526,,,2026-08-14T13:57:16.920274+00:00,ok,1.0,0.391304347826087,0,3,1,0,4,4,16,3,4,2,23,9,3,0.75,0.0,False,False,False,False,,True
mistralai/Voxtral-Mini-3B-2507,main,3060fe34b35ba5d44202ce9ff3c097642914f8f3,1fcb17498781e52634f57ec1dabc05b37faa5ebc0edda2d0b71a2b03878e146c,039b62096708cde7517e6421cb47f6d89c1faa5ba826414de1e8bf62e3e5f24b,audio/5c4691581e.wav,audio/5c4691581e.wav,slr54,L2_d,L2,linguistic_nepali,e9f3e0193e8c25070a1966ea8419717e1da498cbc875300ff3da7a397a41e92c,"You are a verbatim transcription system for Nepali speech.

नेपाली अडियोमा बोलेको कुरा जस्ताको तस्तै लेख्नुहोस्।

Rules:
1. नेपाली शब्दहरू देवनागरी लिपिमा लेख्नुहोस्।
2. सुनिएको शब्दलाई अनुवाद वा अर्थ परिवर्तन नगरी जस्ताको तस्तै लेख्नुहोस्।
3. English words spoken in the audio must remain in Latin script.
4. नेपाली र English मिसिएको भए बोलेको क्रममै code-switching सुरक्षित राख्नुहोस्।
5. अँ, अहँ, उम्, ए, हैन जस्ता सुनिएका fillers र discourse words नहटाउनुहोस्।
6. दोहोरिएका शब्द, अधुरा शब्द, false starts र speaker corrections जस्ताको तस्तै राख्नुहोस्।
7. व्याकरण, उच्चारण वा बोल्ने शैलीलाई 'सुधारेर' मानक नेपाली नबनाउनुहोस्।
8. अस्पष्ट वा नसुनिएको शब्द अनुमान गरेर नलेख्नुहोस्।
9. बोलेका सङ्ख्या शब्दका रूपमा लेख्नुहोस्, जस्तै एक, दुई, तीन; digits प्रयोग नगर्नुहोस्।
10. कुनै explanation, timestamp, speaker label वा अतिरिक्त text नदिनुहोस्।

Output only the transcription.",audio/5c4691581e.wav,/kaggle/input/datasets/panditaadarsh/oslr54-50-utt/oslr54/audio/5c4691581e.wav,मासिक अङ्ग्रेजी द नेपाल,मासिक अङ्ग्रेजी द नेपाल,मासिक अङ्ग्रेजी द नेपाल,5.3,success,मर्सिक अँग्रेजी नैपाली,मर्सिक अँग्रेजी नैपाली,मर्सिक अँग्रेजी नैपाली,13,4.4358,0.8369,,,2026-08-14T13:57:20.395726+00:00,ok,1.0,0.34782608695652173,0,3,1,0,4,4,17,3,3,2,23,8,3,0.75,0.0,False,False,False,False,,True
mistralai/Voxtral-Mini-3B-2507,main,3060fe34b35ba5d44202ce9ff3c097642914f8f3,1fcb17498781e52634f57ec1dabc05b37faa5ebc0edda2d0b71a2b03878e146c,039b62096708cde7517e6421cb47f6d89c1faa5ba826414de1e8bf62e3e5f24b,audio/5c4691581e.wav,audio/5c4691581e.wav,slr54,L2_i,L2,final,f1b798e1d028b45d88f956b0d5e7e10a571bda691f13a54607505a3fbf667bfa,"You are a verbatim transcription system for Nepali speech.

नेपाली अडियोमा बोलेको कुरा जस्ताको तस्तै लेख्नुहोस्।

Rules:
1. नेपाली शब्दहरू देवनागरी लिपिमा लेख्नुहोस्।
2. जे सुनिन्छ त्यही लेख्नुहोस्। अनुवाद, सारांश वा व्याख्या नगर्नुहोस्। अस्पष्ट नेपाली speech भए आफ्नो उत्तम ध्वन्यात्मक अनुमान देवनागरीमा लेख्नुहोस्।
3. English words, names, acronyms र technical terms लाई Latin script मै राख्नुहोस्; देवनागरीमा transliterate नगर्नुहोस्।
4. नेपाली-English code-switching बोलेको स्थान र क्रममै राख्नुहोस्।
5. बोलेका सङ्ख्या digits मा नलेखी शब्दका रूपमा लेख्नुहोस्।
6. fillers, repetitions, corrections र incomplete words जस्ताको तस्तै राख्नुहोस्।
7. grammar वा wording सुधार वा normalize नगर्नुहोस्।
8. explanation, timestamp, speaker label वा अतिरिक्त text नदिनुहोस्।

Output only the transcription.",audio/5c4691581e.wav,/kaggle/input/datasets/panditaadarsh/oslr54-50-utt/oslr54/audio/5c4691581e.wav,मासिक अङ्ग्रेजी द नेपाल,मासिक अङ्ग्रेजी द नेपाल,मासिक अङ्ग्रेजी द नेपाल,5.3,success,माछीको खानेपानी मा साँघुरो पनि छ।,माछीको खानेपानी मा साँघुरो पनि छ।,माछीको खानेपानी मा साँघुरो पनि छ,21,4.5901,0.8661,,,2026-08-14T13:57:24.848383+00:00,ok,1.5,1.0869565217391304,0,4,0,2,4,6,8,14,1,10,23,25,6,1.5,0.5,False,False,False,False,,True
mistralai/Voxtral-Mini-3B-2507,main,3060fe34b35ba5d44202ce9ff3c097642914f8f3,1fcb17498781e52634f57ec1dabc05b37faa5ebc0edda2d0b71a2b03878e146c,039b62096708cde7517e6421cb47f6d89c1faa5ba826414de1e8bf62e3e5f24b,audio/58cf35b13b.wav,audio/58cf35b13b.wav,slr54,L2_a,L2,linguistic_paragraph,69fbc435aab89329dd9373149c58e54e0dc717e36aca3f87fd966c840d9fb4d5,"Transcribe the spoken Nepali audio verbatim in Devanagari script. Preserve any English words in Latin script and keep Nepali-English code-switching in the spoken order. Do not translate between languages. Keep fillers, repetitions, corrections, false starts, and incomplete words. Do not correct grammar or normalize the speaker's wording. Do not infer inaudible words. Do not add timestamps, speaker labels, explanations, or confidence scores. Return only the transcription.",audio/58cf35b13b.wav,/kaggle/input/datasets/panditaadarsh/oslr54-50-utt/oslr54/audio/58cf35b13b.wav,एवं दैनिक उपभोगका,एवं दैनिक उपभोगका,एवं दैनिक उपभोगका,4.6,success,एवं दैनिक उपभोगका।,एवं दैनिक उपभोगका।,एवं दैनिक उपभोगका,11,3.3729,0.7332,,,2026-08-14T13:57:29.454637+00:00,ok,0.0,0.0,3,0,0,0,3,0,17,0,0,0,17,0,3,1.0,0.0,False,False,False,False,,True
mistralai/Voxtral-Mini-3B-2507,main,3060fe34b35ba5d44202ce9ff3c097642914f8f3,1fcb17498781e52634f57ec1dabc05b37faa5ebc0edda2d0b71a2b03878e146c,039b62096708cde7517e6421cb47f6d89c1faa5ba826414de1e8bf62e3e5f24b,audio/58cf35b13b.wav,audio/58cf35b13b.wav,slr54,L2_b,L2,linguistic_rules,6fe608b8973d86f985c53419657b50e905207f4a0e0756e432c38f76d4f8630a,"You are a verbatim transcription system for Nepali speech.
Rules:
1. Write Nepali in Devanagari.
2. Write English words in Latin script.
3. Preserve Nepali-English code-switching in the spoken order.
4. Do not translate.
5. Keep fillers, repetitions, corrections, false starts, and incomplete words.
6. Do not correct grammar or normalize wording.
7. Do not guess inaudible words.
8. Add no timestamps, speaker labels, explanations, or confidence scores.
9. Output only the transcription.
10. Write spoken numbers as Nepali words, not digits.",audio/58cf35b13b.wav,/kaggle/input/datasets/panditaadarsh/oslr54-50-utt/oslr54/audio/58cf35b13b.wav,एवं दैनिक उपभोगका,एवं दैनिक उपभोगका,एवं दैनिक उपभोगका,4.6,success,एवं दैनिक उपभोगका।,एवं दैनिक उपभोगका।,एवं दैनिक उपभोगका,11,3.4144,0.7423,,,2026-08-14T13:57:32.848198+00:00,ok,0.0,0.0,3,0,0,0,3,0,17,0,0,0,17,0,3,1.0,0.0,False,False,False,False,,True
mistralai/Voxtral-Mini-3B-2507,main,3060fe34b35ba5d44202ce9ff3c097642914f8f3,1fcb17498781e52634f57ec1dabc05b37faa5ebc0edda2d0b71a2b03878e146c,039b62096708cde7517e6421cb47f6d89c1faa5ba826414de1e8bf62e3e5f24b,audio/58cf35b13b.wav,audio/58cf35b13b.wav,slr54,L2_d,L2,linguistic_nepali,e9f3e0193e8c25070a1966ea8419717e1da498cbc875300ff3da7a397a41e92c,"You are a verbatim transcription system for Nepali speech.

नेपाली अडियोमा बोलेको कुरा जस्ताको तस्तै लेख्नुहोस्।

Rules:
1. नेपाली शब्दहरू देवनागरी लिपिमा लेख्नुहोस्।
2. सुनिएको शब्दलाई अनुवाद वा अर्थ परिवर्तन नगरी जस्ताको तस्तै लेख्नुहोस्।
3. English words spoken in the audio must remain in Latin script.
4. नेपाली र English मिसिएको भए बोलेको क्रममै code-switching सुरक्षित राख्नुहोस्।
5. अँ, अहँ, उम्, ए, हैन जस्ता सुनिएका fillers र discourse words नहटाउनुहोस्।
6. दोहोरिएका शब्द, अधुरा शब्द, false starts र speaker corrections जस्ताको तस्तै राख्नुहोस्।
7. व्याकरण, उच्चारण वा बोल्ने शैलीलाई 'सुधारेर' मानक नेपाली नबनाउनुहोस्।
8. अस्पष्ट वा नसुनिएको शब्द अनुमान गरेर नलेख्नुहोस्।
9. बोलेका सङ्ख्या शब्दका रूपमा लेख्नुहोस्, जस्तै एक, दुई, तीन; digits प्रयोग नगर्नुहोस्।
10. कुनै explanation, timestamp, speaker label वा अतिरिक्त text नदिनुहोस्।

Output only the transcription.",audio/58cf35b13b.wav,/kaggle/input/datasets/panditaadarsh/oslr54-50-utt/oslr54/audio/58cf35b13b.wav,एवं दैनिक उपभोगका,एवं दैनिक उपभोगका,एवं दैनिक उपभोगका,4.6,success,एवम दैनिक उपभोगका,एवम दैनिक उपभोगका,एवम दैनिक उपभोगका,11,4.2586,0.9258,,,2026-08-14T13:57:36.283327+00:00,ok,0.3333333333333333,0.058823529411764705,2,1,0,0,3,1,16,1,0,0,17,1,3,1.0,0.0,False,False,False,False,,True
mistralai/Voxtral-Mini-3B-2507,main,3060fe34b35ba5d44202ce9ff3c097642914f8f3,1fcb17498781e52634f57ec1dabc05b37faa5ebc0edda2d0b71a2b03878e146c,039b62096708cde7517e6421cb47f6d89c1faa5ba826414de1e8bf62e3e5f24b,audio/58cf35b13b.wav,audio/58cf35b13b.wav,slr54,L2_i,L2,final,f1b798e1d028b45d88f956b0d5e7e10a571bda691f13a54607505a3fbf667bfa,"You are a verbatim transcription system for Nepali speech.

नेपाली अडियोमा बोलेको कुरा जस्ताको तस्तै लेख्नुहोस्।

Rules:
1. नेपाली शब्दहरू देवनागरी लिपिमा लेख्नुहोस्।
2. जे सुनिन्छ त्यही लेख्नुहोस्। अनुवाद, सारांश वा व्याख्या नगर्नुहोस्। अस्पष्ट नेपाली speech भए आफ्नो उत्तम ध्वन्यात्मक अनुमान देवनागरीमा लेख्नुहोस्।
3. English words, names, acronyms र technical terms लाई Latin script मै राख्नुहोस्; देवनागरीमा transliterate नगर्नुहोस्।
4. नेपाली-English code-switching बोलेको स्थान र क्रममै राख्नुहोस्।
5. बोलेका सङ्ख्या digits मा नलेखी शब्दका रूपमा लेख्नुहोस्।
6. fillers, repetitions, corrections र incomplete words जस्ताको तस्तै राख्नुहोस्।
7. grammar वा wording सुधार वा normalize नगर्नुहोस्।
8. explanation, timestamp, speaker label वा अतिरिक्त text नदिनुहोस्।

Output only the transcription.",audio/58cf35b13b.wav,/kaggle/input/datasets/panditaadarsh/oslr54-50-utt/oslr54/audio/58cf35b13b.wav,एवं दैनिक उपभोगका,एवं दैनिक उपभोगका,एवं दैनिक उपभोगका,4.6,success,एवं दैनिक उपभोगका,एवं दैनिक उपभोगका,एवं दैनिक उपभोगका,10,3.9955,0.8686,,,2026-08-14T13:57:40.557873+00:00,ok,0.0,0.0,3,0,0,0,3,0,17,0,0,0,17,0,3,1.0,0.0,False,False,False,False,,True
mistralai/Voxtral-Mini-3B-2507,main,3060fe34b35ba5d44202ce9ff3c097642914f8f3,1fcb17498781e52634f57ec1dabc05b37faa5ebc0edda2d0b71a2b03878e146c,039b62096708cde7517e6421cb47f6d89c1faa5ba826414de1e8bf62e3e5f24b,audio/50f4ca8c7d.wav,audio/50f4ca8c7d.wav,slr54,L2_a,L2,linguistic_paragraph,69fbc435aab89329dd9373149c58e54e0dc717e36aca3f87fd966c840d9fb4d5,"Transcribe the spoken Nepali audio verbatim in Devanagari script. Preserve any English words in Latin script and keep Nepali-English code-switching in the spoken order. Do not translate between languages. Keep fillers, repetitions, corrections, false starts, and incomplete words. Do not correct grammar or normalize the speaker's wording. Do not infer inaudible words. Do not add timestamps, speaker labels, explanations, or confidence scores. Return only the transcription.",audio/50f4ca8c7d.wav,/kaggle/input/datasets/panditaadarsh/oslr54-50-utt/oslr54/audio/50f4ca8c7d.wav,होटलहरू रहनुका साथै,होटलहरू रहनुका साथै,होटलहरू रहनुका साथै,3.7,success,होटल अरुराणु का साथी,होटल अरुराणु का साथी,होटल अरुराणु का साथी,11,3.3754,0.9123,,,2026-08-14T13:57:44.570618+00:00,ok,1.3333333333333333,0.42105263157894735,0,3,0,1,3,4,13,5,1,2,19,8,4,1.3333,0.3333,False,False,False,False,,True
mistralai/Voxtral-Mini-3B-2507,main,3060fe34b35ba5d44202ce9ff3c097642914f8f3,1fcb17498781e52634f57ec1dabc05b37faa5ebc0edda2d0b71a2b03878e146c,039b62096708cde7517e6421cb47f6d89c1faa5ba826414de1e8bf62e3e5f24b,audio/50f4ca8c7d.wav,audio/50f4ca8c7d.wav,slr54,L2_b,L2,linguistic_rules,6fe608b8973d86f985c53419657b50e905207f4a0e0756e432c38f76d4f8630a,"You are a verbatim transcription system for Nepali speech.
Rules:
1. Write Nepali in Devanagari.
2. Write English words in Latin script.
3. Preserve Nepali-English code-switching in the spoken order.
4. Do not translate.
5. Keep fillers, repetitions, corrections, false starts, and incomplete words.
6. Do not correct grammar or normalize wording.
7. Do not guess inaudible words.
8. Add no timestamps, speaker labels, explanations, or confidence scores.
9. Output only the transcription.
10. Write spoken numbers as Nepali words, not digits.",audio/50f4ca8c7d.wav,/kaggle/input/datasets/panditaadarsh/oslr54-50-utt/oslr54/audio/50f4ca8c7d.wav,होटलहरू रहनुका साथै,होटलहरू रहनुका साथै,होटलहरू रहनुका साथै,3.7,success,होटल अरुरानुका साथै।,होटल अरुरानुका साथै।,होटल अरुरानुका साथै,12,3.4691,0.9376,,,2026-08-14T13:57:47.970452+00:00,ok,0.6666666666666666,0.2631578947368421,1,2,0,0,3,2,15,3,1,1,19,5,3,1.0,0.0,False,False,False,False,,True
mistralai/Voxtral-Mini-3B-2507,main,3060fe34b35ba5d44202ce9ff3c097642914f8f3,1fcb17498781e52634f57ec1dabc05b37faa5ebc0edda2d0b71a2b03878e146c,039b62096708cde7517e6421cb47f6d89c1faa5ba826414de1e8bf62e3e5f24b,audio/50f4ca8c7d.wav,audio/50f4ca8c7d.wav,slr54,L2_d,L2,linguistic_nepali,e9f3e0193e8c25070a1966ea8419717e1da498cbc875300ff3da7a397a41e92c,"You are a verbatim transcription system for Nepali speech.

नेपाली अडियोमा बोलेको कुरा जस्ताको तस्तै लेख्नुहोस्।

Rules:
1. नेपाली शब्दहरू देवनागरी लिपिमा लेख्नुहोस्।
2. सुनिएको शब्दलाई अनुवाद वा अर्थ परिवर्तन नगरी जस्ताको तस्तै लेख्नुहोस्।
3. English words spoken in the audio must remain in Latin script.
4. नेपाली र English मिसिएको भए बोलेको क्रममै code-switching सुरक्षित राख्नुहोस्।
5. अँ, अहँ, उम्, ए, हैन जस्ता सुनिएका fillers र discourse words नहटाउनुहोस्।
6. दोहोरिएका शब्द, अधुरा शब्द, false starts र speaker corrections जस्ताको तस्तै राख्नुहोस्।
7. व्याकरण, उच्चारण वा बोल्ने शैलीलाई 'सुधारेर' मानक नेपाली नबनाउनुहोस्।
8. अस्पष्ट वा नसुनिएको शब्द अनुमान गरेर नलेख्नुहोस्।
9. बोलेका सङ्ख्या शब्दका रूपमा लेख्नुहोस्, जस्तै एक, दुई, तीन; digits प्रयोग नगर्नुहोस्।
10. कुनै explanation, timestamp, speaker label वा अतिरिक्त text नदिनुहोस्।

Output only the transcription.",audio/50f4ca8c7d.wav,/kaggle/input/datasets/panditaadarsh/oslr54-50-utt/oslr54/audio/50f4ca8c7d.wav,होटलहरू रहनुका साथै,होटलहरू रहनुका साथै,होटलहरू रहनुका साथै,3.7,success,होटल अरुरानुका साथै।,होटल अरुरानुका साथै।,होटल अरुरानुका साथै,12,4.3355,1.1718,,,2026-08-14T13:57:51.454560+00:00,ok,0.6666666666666666,0.2631578947368421,1,2,0,0,3,2,15,3,1,1,19,5,3,1.0,0.0,False,False,False,False,,True
mistralai/Voxtral-Mini-3B-2507,main,3060fe34b35ba5d44202ce9ff3c097642914f8f3,1fcb17498781e52634f57ec1dabc05b37faa5ebc0edda2d0b71a2b03878e146c,039b62096708cde7517e6421cb47f6d89c1faa5ba826414de1e8bf62e3e5f24b,audio/50f4ca8c7d.wav,audio/50f4ca8c7d.wav,slr54,L2_i,L2,final,f1b798e1d028b45d88f956b0d5e7e10a571bda691f13a54607505a3fbf667bfa,"You are a verbatim transcription system for Nepali speech.

नेपाली अडियोमा बोलेको कुरा जस्ताको तस्तै लेख्नुहोस्।

Rules:
1. नेपाली शब्दहरू देवनागरी लिपिमा लेख्नुहोस्।
2. जे सुनिन्छ त्यही लेख्नुहोस्। अनुवाद, सारांश वा व्याख्या नगर्नुहोस्। अस्पष्ट नेपाली speech भए आफ्नो उत्तम ध्वन्यात्मक अनुमान देवनागरीमा लेख्नुहोस्।
3. English words, names, acronyms र technical terms लाई Latin script मै राख्नुहोस्; देवनागरीमा transliterate नगर्नुहोस्।
4. नेपाली-English code-switching बोलेको स्थान र क्रममै राख्नुहोस्।
5. बोलेका सङ्ख्या digits मा नलेखी शब्दका रूपमा लेख्नुहोस्।
6. fillers, repetitions, corrections र incomplete words जस्ताको तस्तै राख्नुहोस्।
7. grammar वा wording सुधार वा normalize नगर्नुहोस्।
8. explanation, timestamp, speaker label वा अतिरिक्त text नदिनुहोस्।

Output only the transcription.",audio/50f4ca8c7d.wav,/kaggle/input/datasets/panditaadarsh/oslr54-50-utt/oslr54/audio/50f4ca8c7d.wav,होटलहरू रहनुका साथै,होटलहरू रहनुका साथै,होटलहरू रहनुका साथै,3.7,success,होटल अरुरानुका साथै।,होटल अरुरानुका साथै।,होटल अरुरानुका साथै,12,4.1104,1.1109,,,2026-08-14T13:57:55.805935+00:00,ok,0.6666666666666666,0.2631578947368421,1,2,0,0,3,2,15,3,1,1,19,5,3,1.0,0.0,False,False,False,False,,True
mistralai/Voxtral-Mini-3B-2507,main,3060fe34b35ba5d44202ce9ff3c097642914f8f3,1fcb17498781e52634f57ec1dabc05b37faa5ebc0edda2d0b71a2b03878e146c,039b62096708cde7517e6421cb47f6d89c1faa5ba826414de1e8bf62e3e5f24b,audio/5082f6335c.wav,audio/5082f6335c.wav,slr54,L2_a,L2,linguistic_paragraph,69fbc435aab89329dd9373149c58e54e0dc717e36aca3f87fd966c840d9fb4d5,"Transcribe the spoken Nepali audio verbatim in Devanagari script. Preserve any English words in Latin script and keep Nepali-English code-switching in the spoken order. Do not translate between languages. Keep fillers, repetitions, corrections, false starts, and incomplete words. Do not correct grammar or normalize the speaker's wording. Do not infer inaudible words. Do not add timestamps, speaker labels, explanations, or confidence scores. Return only the transcription.",audio/5082f6335c.wav,/kaggle/input/datasets/panditaadarsh/oslr54-50-utt/oslr54/audio/5082f6335c.wav,पुगेको ड्रागनफल,पुगेको ड्रागनफल,पुगेको ड्रागनफल,3.6,success,पुगेको ड्रैगन फॉल,पुगेको ड्रैगन फॉल,पुगेको ड्रैगन फॉल,12,3.4551,0.9597,,,2026-08-14T13:57:59.935074+00:00,ok,1.0,0.2,1,1,0,1,2,2,14,1,0,2,15,3,3,1.5,0.5,False,False,False,False,,True
mistralai/Voxtral-Mini-3B-2507,main,3060fe34b35ba5d44202ce9ff3c097642914f8f3,1fcb17498781e52634f57ec1dabc05b37faa5ebc0edda2d0b71a2b03878e146c,039b62096708cde7517e6421cb47f6d89c1faa5ba826414de1e8bf62e3e5f24b,audio/5082f6335c.wav,audio/5082f6335c.wav,slr54,L2_b,L2,linguistic_rules,6fe608b8973d86f985c53419657b50e905207f4a0e0756e432c38f76d4f8630a,"You are a verbatim transcription system for Nepali speech.
Rules:
1. Write Nepali in Devanagari.
2. Write English words in Latin script.
3. Preserve Nepali-English code-switching in the spoken order.
4. Do not translate.
5. Keep fillers, repetitions, corrections, false starts, and incomplete words.
6. Do not correct grammar or normalize wording.
7. Do not guess inaudible words.
8. Add no timestamps, speaker labels, explanations, or confidence scores.
9. Output only the transcription.
10. Write spoken numbers as Nepali words, not digits.",audio/5082f6335c.wav,/kaggle/input/datasets/panditaadarsh/oslr54-50-utt/oslr54/audio/5082f6335c.wav,पुगेको ड्रागनफल,पुगेको ड्रागनफल,पुगेको ड्रागनफल,3.6,success,पुगेको ड्रागन फॉल,पुगेको ड्रागन फॉल,पुगेको ड्रागन फॉल,11,3.4212,0.9503,,,2026-08-14T13:58:03.408905+00:00,ok,1.0,0.13333333333333333,1,1,0,1,2,2,15,0,0,2,15,2,3,1.5,0.5,False,False,False,False,,True
mistralai/Voxtral-Mini-3B-2507,main,3060fe34b35ba5d44202ce9ff3c097642914f8f3,1fcb17498781e52634f57ec1dabc05b37faa5ebc0edda2d0b71a2b03878e146c,039b62096708cde7517e6421cb47f6d89c1faa5ba826414de1e8bf62e3e5f24b,audio/5082f6335c.wav,audio/5082f6335c.wav,slr54,L2_d,L2,linguistic_nepali,e9f3e0193e8c25070a1966ea8419717e1da498cbc875300ff3da7a397a41e92c,"You are a verbatim transcription system for Nepali speech.

नेपाली अडियोमा बोलेको कुरा जस्ताको तस्तै लेख्नुहोस्।

Rules:
1. नेपाली शब्दहरू देवनागरी लिपिमा लेख्नुहोस्।
2. सुनिएको शब्दलाई अनुवाद वा अर्थ परिवर्तन नगरी जस्ताको तस्तै लेख्नुहोस्।
3. English words spoken in the audio must remain in Latin script.
4. नेपाली र English मिसिएको भए बोलेको क्रममै code-switching सुरक्षित राख्नुहोस्।
5. अँ, अहँ, उम्, ए, हैन जस्ता सुनिएका fillers र discourse words नहटाउनुहोस्।
6. दोहोरिएका शब्द, अधुरा शब्द, false starts र speaker corrections जस्ताको तस्तै राख्नुहोस्।
7. व्याकरण, उच्चारण वा बोल्ने शैलीलाई 'सुधारेर' मानक नेपाली नबनाउनुहोस्।
8. अस्पष्ट वा नसुनिएको शब्द अनुमान गरेर नलेख्नुहोस्।
9. बोलेका सङ्ख्या शब्दका रूपमा लेख्नुहोस्, जस्तै एक, दुई, तीन; digits प्रयोग नगर्नुहोस्।
10. कुनै explanation, timestamp, speaker label वा अतिरिक्त text नदिनुहोस्।

Output only the transcription.",audio/5082f6335c.wav,/kaggle/input/datasets/panditaadarsh/oslr54-50-utt/oslr54/audio/5082f6335c.wav,पुगेको ड्रागनफल,पुगेको ड्रागनफल,पुगेको ड्रागनफल,3.6,success,पुगेको ड्रागन फॉल,पुगेको ड्रागन फॉल,पुगेको ड्रागन फॉल,11,4.2935,1.1926,,,2026-08-14T13:58:06.844524+00:00,ok,1.0,0.13333333333333333,1,1,0,1,2,2,15,0,0,2,15,2,3,1.5,0.5,False,False,False,False,,True
mistralai/Voxtral-Mini-3B-2507,main,3060fe34b35ba5d44202ce9ff3c097642914f8f3,1fcb17498781e52634f57ec1dabc05b37faa5ebc0edda2d0b71a2b03878e146c,039b62096708cde7517e6421cb47f6d89c1faa5ba826414de1e8bf62e3e5f24b,audio/5082f6335c.wav,audio/5082f6335c.wav,slr54,L2_i,L2,final,f1b798e1d028b45d88f956b0d5e7e10a571bda691f13a54607505a3fbf667bfa,"You are a verbatim transcription system for Nepali speech.

नेपाली अडियोमा बोलेको कुरा जस्ताको तस्तै लेख्नुहोस्।

Rules:
1. नेपाली शब्दहरू देवनागरी लिपिमा लेख्नुहोस्।
2. जे सुनिन्छ त्यही लेख्नुहोस्। अनुवाद, सारांश वा व्याख्या नगर्नुहोस्। अस्पष्ट नेपाली speech भए आफ्नो उत्तम ध्वन्यात्मक अनुमान देवनागरीमा लेख्नुहोस्।
3. English words, names, acronyms र technical terms लाई Latin script मै राख्नुहोस्; देवनागरीमा transliterate नगर्नुहोस्।
4. नेपाली-English code-switching बोलेको स्थान र क्रममै राख्नुहोस्।
5. बोलेका सङ्ख्या digits मा नलेखी शब्दका रूपमा लेख्नुहोस्।
6. fillers, repetitions, corrections र incomplete words जस्ताको तस्तै राख्नुहोस्।
7. grammar वा wording सुधार वा normalize नगर्नुहोस्।
8. explanation, timestamp, speaker label वा अतिरिक्त text नदिनुहोस्।

Output only the transcription.",audio/5082f6335c.wav,/kaggle/input/datasets/panditaadarsh/oslr54-50-utt/oslr54/audio/5082f6335c.wav,पुगेको ड्रागनफल,पुगेको ड्रागनफल,पुगेको ड्रागनफल,3.6,success,पुगेको ड्रागन फॉल,पुगेको ड्रागन फॉल,पुगेको ड्रागन फॉल,11,4.0581,1.1273,,,2026-08-14T13:58:11.154481+00:00,ok,1.0,0.13333333333333333,1,1,0,1,2,2,15,0,0,2,15,2,3,1.5,0.5,False,False,False,False,,True
mistralai/Voxtral-Mini-3B-2507,main,3060fe34b35ba5d44202ce9ff3c097642914f8f3,1fcb17498781e52634f57ec1dabc05b37faa5ebc0edda2d0b71a2b03878e146c,039b62096708cde7517e6421cb47f6d89c1faa5ba826414de1e8bf62e3e5f24b,audio/56e0832360.wav,audio/56e0832360.wav,slr54,L2_a,L2,linguistic_paragraph,69fbc435aab89329dd9373149c58e54e0dc717e36aca3f87fd966c840d9fb4d5,"Transcribe the spoken Nepali audio verbatim in Devanagari script. Preserve any English words in Latin script and keep Nepali-English code-switching in the spoken order. Do not translate between languages. Keep fillers, repetitions, corrections, false starts, and incomplete words. Do not correct grammar or normalize the speaker's wording. Do not infer inaudible words. Do not add timestamps, speaker labels, explanations, or confidence scores. Return only the transcription.",audio/56e0832360.wav,/kaggle/input/datasets/panditaadarsh/oslr54-50-utt/oslr54/audio/56e0832360.wav,मतैकता सान्नानी वृद्धाश्रम,मतैकता सान्नानी वृद्धाश्रम,मतैकता सान्नानी वृद्धाश्रम,4.9,success,माथिल्लकातासन्ननिब्रिदास्ट्रम्,माथिल्लकातासन्ननिब्रिदास्ट्रम्,माथिल्लकातासन्ननिब्रिदास्ट्रम्,17,3.7341,0.7621,,,2026-08-14T13:58:15.229355+00:00,ok,1.0,0.7692307692307693,0,1,2,0,3,3,12,12,2,6,26,20,1,0.3333,0.0,False,False,False,False,,True
mistralai/Voxtral-Mini-3B-2507,main,3060fe34b35ba5d44202ce9ff3c097642914f8f3,1fcb17498781e52634f57ec1dabc05b37faa5ebc0edda2d0b71a2b03878e146c,039b62096708cde7517e6421cb47f6d89c1faa5ba826414de1e8bf62e3e5f24b,audio/56e0832360.wav,audio/56e0832360.wav,slr54,L2_b,L2,linguistic_rules,6fe608b8973d86f985c53419657b50e905207f4a0e0756e432c38f76d4f8630a,"You are a verbatim transcription system for Nepali speech.
Rules:
1. Write Nepali in Devanagari.
2. Write English words in Latin script.
3. Preserve Nepali-English code-switching in the spoken order.
4. Do not translate.
5. Keep fillers, repetitions, corrections, false starts, and incomplete words.
6. Do not correct grammar or normalize wording.
7. Do not guess inaudible words.
8. Add no timestamps, speaker labels, explanations, or confidence scores.
9. Output only the transcription.
10. Write spoken numbers as Nepali words, not digits.",audio/56e0832360.wav,/kaggle/input/datasets/panditaadarsh/oslr54-50-utt/oslr54/audio/56e0832360.wav,मतैकता सान्नानी वृद्धाश्रम,मतैकता सान्नानी वृद्धाश्रम,मतैकता सान्नानी वृद्धाश्रम,4.9,success,मैता इकातास सन्नानि ब्रिदास्टम।,मैता इकातास सन्नानि ब्रिदास्टम।,मैता इकातास सन्नानि ब्रिदास्टम,18,3.7847,0.7724,,,2026-08-14T13:58:18.982472+00:00,ok,1.3333333333333333,0.5769230769230769,0,3,0,1,3,4,16,9,1,5,26,15,4,1.3333,0.3333,False,False,False,False,,True
mistralai/Voxtral-Mini-3B-2507,main,3060fe34b35ba5d44202ce9ff3c097642914f8f3,1fcb17498781e52634f57ec1dabc05b37faa5ebc0edda2d0b71a2b03878e146c,039b62096708cde7517e6421cb47f6d89c1faa5ba826414de1e8bf62e3e5f24b,audio/56e0832360.wav,audio/56e0832360.wav,slr54,L2_d,L2,linguistic_nepali,e9f3e0193e8c25070a1966ea8419717e1da498cbc875300ff3da7a397a41e92c,"You are a verbatim transcription system for Nepali speech.

नेपाली अडियोमा बोलेको कुरा जस्ताको तस्तै लेख्नुहोस्।

Rules:
1. नेपाली शब्दहरू देवनागरी लिपिमा लेख्नुहोस्।
2. सुनिएको शब्दलाई अनुवाद वा अर्थ परिवर्तन नगरी जस्ताको तस्तै लेख्नुहोस्।
3. English words spoken in the audio must remain in Latin script.
4. नेपाली र English मिसिएको भए बोलेको क्रममै code-switching सुरक्षित राख्नुहोस्।
5. अँ, अहँ, उम्, ए, हैन जस्ता सुनिएका fillers र discourse words नहटाउनुहोस्।
6. दोहोरिएका शब्द, अधुरा शब्द, false starts र speaker corrections जस्ताको तस्तै राख्नुहोस्।
7. व्याकरण, उच्चारण वा बोल्ने शैलीलाई 'सुधारेर' मानक नेपाली नबनाउनुहोस्।
8. अस्पष्ट वा नसुनिएको शब्द अनुमान गरेर नलेख्नुहोस्।
9. बोलेका सङ्ख्या शब्दका रूपमा लेख्नुहोस्, जस्तै एक, दुई, तीन; digits प्रयोग नगर्नुहोस्।
10. कुनै explanation, timestamp, speaker label वा अतिरिक्त text नदिनुहोस्।

Output only the transcription.",audio/56e0832360.wav,/kaggle/input/datasets/panditaadarsh/oslr54-50-utt/oslr54/audio/56e0832360.wav,मतैकता सान्नानी वृद्धाश्रम,मतैकता सान्नानी वृद्धाश्रम,मतैकता सान्नानी वृद्धाश्रम,4.9,success,माता यकातासन्ननि ब्रिदास्टम।,माता यकातासन्ननि ब्रिदास्टम।,माता यकातासन्ननि ब्रिदास्टम,16,4.5152,0.9215,,,2026-08-14T13:58:22.783699+00:00,ok,1.0,0.6153846153846154,0,3,0,0,3,3,14,9,3,4,26,16,3,1.0,0.0,False,False,False,False,,True
mistralai/Voxtral-Mini-3B-2507,main,3060fe34b35ba5d44202ce9ff3c097642914f8f3,1fcb17498781e52634f57ec1dabc05b37faa5ebc0edda2d0b71a2b03878e146c,039b62096708cde7517e6421cb47f6d89c1faa5ba826414de1e8bf62e3e5f24b,audio/56e0832360.wav,audio/56e0832360.wav,slr54,L2_i,L2,final,f1b798e1d028b45d88f956b0d5e7e10a571bda691f13a54607505a3fbf667bfa,"You are a verbatim transcription system for Nepali speech.

नेपाली अडियोमा बोलेको कुरा जस्ताको तस्तै लेख्नुहोस्।

Rules:
1. नेपाली शब्दहरू देवनागरी लिपिमा लेख्नुहोस्।
2. जे सुनिन्छ त्यही लेख्नुहोस्। अनुवाद, सारांश वा व्याख्या नगर्नुहोस्। अस्पष्ट नेपाली speech भए आफ्नो उत्तम ध्वन्यात्मक अनुमान देवनागरीमा लेख्नुहोस्।
3. English words, names, acronyms र technical terms लाई Latin script मै राख्नुहोस्; देवनागरीमा transliterate नगर्नुहोस्।
4. नेपाली-English code-switching बोलेको स्थान र क्रममै राख्नुहोस्।
5. बोलेका सङ्ख्या digits मा नलेखी शब्दका रूपमा लेख्नुहोस्।
6. fillers, repetitions, corrections र incomplete words जस्ताको तस्तै राख्नुहोस्।
7. grammar वा wording सुधार वा normalize नगर्नुहोस्।
8. explanation, timestamp, speaker label वा अतिरिक्त text नदिनुहोस्।

Output only the transcription.",audio/56e0832360.wav,/kaggle/input/datasets/panditaadarsh/oslr54-50-utt/oslr54/audio/56e0832360.wav,मतैकता सान्नानी वृद्धाश्रम,मतैकता सान्नानी वृद्धाश्रम,मतैकता सान्नानी वृद्धाश्रम,4.9,success,माता इकातासन्नानी ब्रिदास्टम।,माता इकातासन्नानी ब्रिदास्टम।,माता इकातासन्नानी ब्रिदास्टम,15,4.2405,0.8654,,,2026-08-14T13:58:27.315245+00:00,ok,1.0,0.5384615384615384,0,3,0,0,3,3,16,8,2,4,26,14,3,1.0,0.0,False,False,False,False,,True
mistralai/Voxtral-Mini-3B-2507,main,3060fe34b35ba5d44202ce9ff3c097642914f8f3,1fcb17498781e52634f57ec1dabc05b37faa5ebc0edda2d0b71a2b03878e146c,039b62096708cde7517e6421cb47f6d89c1faa5ba826414de1e8bf62e3e5f24b,audio/5ff8676a93.wav,audio/5ff8676a93.wav,slr54,L2_a,L2,linguistic_paragraph,69fbc435aab89329dd9373149c58e54e0dc717e36aca3f87fd966c840d9fb4d5,"Transcribe the spoken Nepali audio verbatim in Devanagari script. Preserve any English words in Latin script and keep Nepali-English code-switching in the spoken order. Do not translate between languages. Keep fillers, repetitions, corrections, false starts, and incomplete words. Do not correct grammar or normalize the speaker's wording. Do not infer inaudible words. Do not add timestamps, speaker labels, explanations, or confidence scores. Return only the transcription.",audio/5ff8676a93.wav,/kaggle/input/datasets/panditaadarsh/oslr54-50-utt/oslr54/audio/5ff8676a93.wav,ड्र्यु ब्यारिमोरको चरित्र,ड्र्यु ब्यारिमोरको चरित्र,ड्र्यु ब्यारिमोरको चरित्र,3.8,success,ड्रू बियारी मोरको का जन्म २० जुलाई १९८९ को भक्तपुर जिल्लाको भक्तपुर नगरपालिका १ मा भएको हो।,ड्रू बियारी मोरको का जन्म २० जुलाई १९८९ को भक्तपुर जिल्लाको भक्तपुर नगरपालिका १ मा भएको हो।,ड्रू बियारी मोरको का जन्म जुलाई को भक्तपुर जिल्लाको भक्तपुर नगरपालिका मा भएको हो,47,5.1696,1.3604,,,2026-08-14T13:58:31.571957+00:00,ok,4.666666666666667,2.56,0,3,0,11,3,14,18,5,2,57,25,64,14,4.6667,3.6667,False,False,False,True,length_ratio>2.5|insertion_rate>1.0,True
mistralai/Voxtral-Mini-3B-2507,main,3060fe34b35ba5d44202ce9ff3c097642914f8f3,1fcb17498781e52634f57ec1dabc05b37faa5ebc0edda2d0b71a2b03878e146c,039b62096708cde7517e6421cb47f6d89c1faa5ba826414de1e8bf62e3e5f24b,audio/5ff8676a93.wav,audio/5ff8676a93.wav,slr54,L2_b,L2,linguistic_rules,6fe608b8973d86f985c53419657b50e905207f4a0e0756e432c38f76d4f8630a,"You are a verbatim transcription system for Nepali speech.
Rules:
1. Write Nepali in Devanagari.
2. Write English words in Latin script.
3. Preserve Nepali-English code-switching in the spoken order.
4. Do not translate.
5. Keep fillers, repetitions, corrections, false starts, and incomplete words.
6. Do not correct grammar or normalize wording.
7. Do not guess inaudible words.
8. Add no timestamps, speaker labels, explanations, or confidence scores.
9. Output only the transcription.
10. Write spoken numbers as Nepali words, not digits.",audio/5ff8676a93.wav,/kaggle/input/datasets/panditaadarsh/oslr54-50-utt/oslr54/audio/5ff8676a93.wav,ड्र्यु ब्यारिमोरको चरित्र,ड्र्यु ब्यारिमोरको चरित्र,ड्र्यु ब्यारिमोरको चरित्र,3.8,success,ड्रू बियारी मोरको चरित्र,ड्रू बियारी मोरको चरित्र,ड्रू बियारी मोरको चरित्र,13,3.5239,0.9273,,,2026-08-14T13:58:36.763699+00:00,ok,1.0,0.24,1,2,0,1,3,3,20,3,2,1,25,6,4,1.3333,0.3333,False,False,False,False,,True
mistralai/Voxtral-Mini-3B-2507,main,3060fe34b35ba5d44202ce9ff3c097642914f8f3,1fcb17498781e52634f57ec1dabc05b37faa5ebc0edda2d0b71a2b03878e146c,039b62096708cde7517e6421cb47f6d89c1faa5ba826414de1e8bf62e3e5f24b,audio/5ff8676a93.wav,audio/5ff8676a93.wav,slr54,L2_d,L2,linguistic_nepali,e9f3e0193e8c25070a1966ea8419717e1da498cbc875300ff3da7a397a41e92c,"You are a verbatim transcription system for Nepali speech.

नेपाली अडियोमा बोलेको कुरा जस्ताको तस्तै लेख्नुहोस्।

Rules:
1. नेपाली शब्दहरू देवनागरी लिपिमा लेख्नुहोस्।
2. सुनिएको शब्दलाई अनुवाद वा अर्थ परिवर्तन नगरी जस्ताको तस्तै लेख्नुहोस्।
3. English words spoken in the audio must remain in Latin script.
4. नेपाली र English मिसिएको भए बोलेको क्रममै code-switching सुरक्षित राख्नुहोस्।
5. अँ, अहँ, उम्, ए, हैन जस्ता सुनिएका fillers र discourse words नहटाउनुहोस्।
6. दोहोरिएका शब्द, अधुरा शब्द, false starts र speaker corrections जस्ताको तस्तै राख्नुहोस्।
7. व्याकरण, उच्चारण वा बोल्ने शैलीलाई 'सुधारेर' मानक नेपाली नबनाउनुहोस्।
8. अस्पष्ट वा नसुनिएको शब्द अनुमान गरेर नलेख्नुहोस्।
9. बोलेका सङ्ख्या शब्दका रूपमा लेख्नुहोस्, जस्तै एक, दुई, तीन; digits प्रयोग नगर्नुहोस्।
10. कुनै explanation, timestamp, speaker label वा अतिरिक्त text नदिनुहोस्।

Output only the transcription.",audio/5ff8676a93.wav,/kaggle/input/datasets/panditaadarsh/oslr54-50-utt/oslr54/audio/5ff8676a93.wav,ड्र्यु ब्यारिमोरको चरित्र,ड्र्यु ब्यारिमोरको चरित्र,ड्र्यु ब्यारिमोरको चरित्र,3.8,success,दरू ब्यारी मोरको,दरू ब्यारी मोरको,दरू ब्यारी मोरको,10,4.2278,1.1126,,,2026-08-14T13:58:40.303534+00:00,ok,1.0,0.56,0,3,0,0,3,3,12,3,10,1,25,14,3,1.0,0.0,False,False,False,False,,True
mistralai/Voxtral-Mini-3B-2507,main,3060fe34b35ba5d44202ce9ff3c097642914f8f3,1fcb17498781e52634f57ec1dabc05b37faa5ebc0edda2d0b71a2b03878e146c,039b62096708cde7517e6421cb47f6d89c1faa5ba826414de1e8bf62e3e5f24b,audio/5ff8676a93.wav,audio/5ff8676a93.wav,slr54,L2_i,L2,final,f1b798e1d028b45d88f956b0d5e7e10a571bda691f13a54607505a3fbf667bfa,"You are a verbatim transcription system for Nepali speech.

नेपाली अडियोमा बोलेको कुरा जस्ताको तस्तै लेख्नुहोस्।

Rules:
1. नेपाली शब्दहरू देवनागरी लिपिमा लेख्नुहोस्।
2. जे सुनिन्छ त्यही लेख्नुहोस्। अनुवाद, सारांश वा व्याख्या नगर्नुहोस्। अस्पष्ट नेपाली speech भए आफ्नो उत्तम ध्वन्यात्मक अनुमान देवनागरीमा लेख्नुहोस्।
3. English words, names, acronyms र technical terms लाई Latin script मै राख्नुहोस्; देवनागरीमा transliterate नगर्नुहोस्।
4. नेपाली-English code-switching बोलेको स्थान र क्रममै राख्नुहोस्।
5. बोलेका सङ्ख्या digits मा नलेखी शब्दका रूपमा लेख्नुहोस्।
6. fillers, repetitions, corrections र incomplete words जस्ताको तस्तै राख्नुहोस्।
7. grammar वा wording सुधार वा normalize नगर्नुहोस्।
8. explanation, timestamp, speaker label वा अतिरिक्त text नदिनुहोस्।

Output only the transcription.",audio/5ff8676a93.wav,/kaggle/input/datasets/panditaadarsh/oslr54-50-utt/oslr54/audio/5ff8676a93.wav,ड्र्यु ब्यारिमोरको चरित्र,ड्र्यु ब्यारिमोरको चरित्र,ड्र्यु ब्यारिमोरको चरित्र,3.8,success,दुर्ब्यारी मोरको,दुर्ब्यारी मोरको,दुर्ब्यारी मोरको,10,4.0305,1.0607,,,2026-08-14T13:58:44.546873+00:00,ok,1.0,0.56,0,2,1,0,3,3,12,3,10,1,25,14,2,0.6667,0.0,False,False,False,False,,True
mistralai/Voxtral-Mini-3B-2507,main,3060fe34b35ba5d44202ce9ff3c097642914f8f3,1fcb17498781e52634f57ec1dabc05b37faa5ebc0edda2d0b71a2b03878e146c,039b62096708cde7517e6421cb47f6d89c1faa5ba826414de1e8bf62e3e5f24b,audio/5b45627209.wav,audio/5b45627209.wav,slr54,L2_a,L2,linguistic_paragraph,69fbc435aab89329dd9373149c58e54e0dc717e36aca3f87fd966c840d9fb4d5,"Transcribe the spoken Nepali audio verbatim in Devanagari script. Preserve any English words in Latin script and keep Nepali-English code-switching in the spoken order. Do not translate between languages. Keep fillers, repetitions, corrections, false starts, and incomplete words. Do not correct grammar or normalize the speaker's wording. Do not infer inaudible words. Do not add timestamps, speaker labels, explanations, or confidence scores. Return only the transcription.",audio/5b45627209.wav,/kaggle/input/datasets/panditaadarsh/oslr54-50-utt/oslr54/audio/5b45627209.wav,एउटा दर्शन,एउटा दर्शन,एउटा दर्शन,3.1,success,एक दर्शन,एक दर्शन,एक दर्शन,4,3.0108,0.9712,,,2026-08-14T13:58:48.592840+00:00,ok,0.5,0.3,1,1,0,0,2,1,7,1,2,0,10,3,2,1.0,0.0,False,False,False,False,,True
mistralai/Voxtral-Mini-3B-2507,main,3060fe34b35ba5d44202ce9ff3c097642914f8f3,1fcb17498781e52634f57ec1dabc05b37faa5ebc0edda2d0b71a2b03878e146c,039b62096708cde7517e6421cb47f6d89c1faa5ba826414de1e8bf62e3e5f24b,audio/5b45627209.wav,audio/5b45627209.wav,slr54,L2_b,L2,linguistic_rules,6fe608b8973d86f985c53419657b50e905207f4a0e0756e432c38f76d4f8630a,"You are a verbatim transcription system for Nepali speech.
Rules:
1. Write Nepali in Devanagari.
2. Write English words in Latin script.
3. Preserve Nepali-English code-switching in the spoken order.
4. Do not translate.
5. Keep fillers, repetitions, corrections, false starts, and incomplete words.
6. Do not correct grammar or normalize wording.
7. Do not guess inaudible words.
8. Add no timestamps, speaker labels, explanations, or confidence scores.
9. Output only the transcription.
10. Write spoken numbers as Nepali words, not digits.",audio/5b45627209.wav,/kaggle/input/datasets/panditaadarsh/oslr54-50-utt/oslr54/audio/5b45627209.wav,एउटा दर्शन,एउटा दर्शन,एउटा दर्शन,3.1,success,एक दर्शन,एक दर्शन,एक दर्शन,4,3.0782,0.993,,,2026-08-14T13:58:51.621157+00:00,ok,0.5,0.3,1,1,0,0,2,1,7,1,2,0,10,3,2,1.0,0.0,False,False,False,False,,True
mistralai/Voxtral-Mini-3B-2507,main,3060fe34b35ba5d44202ce9ff3c097642914f8f3,1fcb17498781e52634f57ec1dabc05b37faa5ebc0edda2d0b71a2b03878e146c,039b62096708cde7517e6421cb47f6d89c1faa5ba826414de1e8bf62e3e5f24b,audio/5b45627209.wav,audio/5b45627209.wav,slr54,L2_d,L2,linguistic_nepali,e9f3e0193e8c25070a1966ea8419717e1da498cbc875300ff3da7a397a41e92c,"You are a verbatim transcription system for Nepali speech.

नेपाली अडियोमा बोलेको कुरा जस्ताको तस्तै लेख्नुहोस्।

Rules:
1. नेपाली शब्दहरू देवनागरी लिपिमा लेख्नुहोस्।
2. सुनिएको शब्दलाई अनुवाद वा अर्थ परिवर्तन नगरी जस्ताको तस्तै लेख्नुहोस्।
3. English words spoken in the audio must remain in Latin script.
4. नेपाली र English मिसिएको भए बोलेको क्रममै code-switching सुरक्षित राख्नुहोस्।
5. अँ, अहँ, उम्, ए, हैन जस्ता सुनिएका fillers र discourse words नहटाउनुहोस्।
6. दोहोरिएका शब्द, अधुरा शब्द, false starts र speaker corrections जस्ताको तस्तै राख्नुहोस्।
7. व्याकरण, उच्चारण वा बोल्ने शैलीलाई 'सुधारेर' मानक नेपाली नबनाउनुहोस्।
8. अस्पष्ट वा नसुनिएको शब्द अनुमान गरेर नलेख्नुहोस्।
9. बोलेका सङ्ख्या शब्दका रूपमा लेख्नुहोस्, जस्तै एक, दुई, तीन; digits प्रयोग नगर्नुहोस्।
10. कुनै explanation, timestamp, speaker label वा अतिरिक्त text नदिनुहोस्।

Output only the transcription.",audio/5b45627209.wav,/kaggle/input/datasets/panditaadarsh/oslr54-50-utt/oslr54/audio/5b45627209.wav,एउटा दर्शन,एउटा दर्शन,एउटा दर्शन,3.1,success,एक,एक,एक,2,3.8641,1.2465,,,2026-08-14T13:58:54.713296+00:00,ok,1.0,0.9,0,1,1,0,2,2,1,1,8,0,10,9,1,0.5,0.0,False,False,False,False,,True
mistralai/Voxtral-Mini-3B-2507,main,3060fe34b35ba5d44202ce9ff3c097642914f8f3,1fcb17498781e52634f57ec1dabc05b37faa5ebc0edda2d0b71a2b03878e146c,039b62096708cde7517e6421cb47f6d89c1faa5ba826414de1e8bf62e3e5f24b,audio/5b45627209.wav,audio/5b45627209.wav,slr54,L2_i,L2,final,f1b798e1d028b45d88f956b0d5e7e10a571bda691f13a54607505a3fbf667bfa,"You are a verbatim transcription system for Nepali speech.

नेपाली अडियोमा बोलेको कुरा जस्ताको तस्तै लेख्नुहोस्।

Rules:
1. नेपाली शब्दहरू देवनागरी लिपिमा लेख्नुहोस्।
2. जे सुनिन्छ त्यही लेख्नुहोस्। अनुवाद, सारांश वा व्याख्या नगर्नुहोस्। अस्पष्ट नेपाली speech भए आफ्नो उत्तम ध्वन्यात्मक अनुमान देवनागरीमा लेख्नुहोस्।
3. English words, names, acronyms र technical terms लाई Latin script मै राख्नुहोस्; देवनागरीमा transliterate नगर्नुहोस्।
4. नेपाली-English code-switching बोलेको स्थान र क्रममै राख्नुहोस्।
5. बोलेका सङ्ख्या digits मा नलेखी शब्दका रूपमा लेख्नुहोस्।
6. fillers, repetitions, corrections र incomplete words जस्ताको तस्तै राख्नुहोस्।
7. grammar वा wording सुधार वा normalize नगर्नुहोस्।
8. explanation, timestamp, speaker label वा अतिरिक्त text नदिनुहोस्।

Output only the transcription.",audio/5b45627209.wav,/kaggle/input/datasets/panditaadarsh/oslr54-50-utt/oslr54/audio/5b45627209.wav,एउटा दर्शन,एउटा दर्शन,एउटा दर्शन,3.1,success,एक ता दर्शन।,एक ता दर्शन।,एक ता दर्शन,7,3.9014,1.2585,,,2026-08-14T13:58:58.593147+00:00,ok,1.0,0.3,1,1,0,1,2,2,8,2,0,1,10,3,3,1.5,0.5,False,False,False,False,,True
mistralai/Voxtral-Mini-3B-2507,main,3060fe34b35ba5d44202ce9ff3c097642914f8f3,1fcb17498781e52634f57ec1dabc05b37faa5ebc0edda2d0b71a2b03878e146c,039b62096708cde7517e6421cb47f6d89c1faa5ba826414de1e8bf62e3e5f24b,audio/5f5a8ebc78.wav,audio/5f5a8ebc78.wav,slr54,L2_a,L2,linguistic_paragraph,69fbc435aab89329dd9373149c58e54e0dc717e36aca3f87fd966c840d9fb4d5,"Transcribe the spoken Nepali audio verbatim in Devanagari script. Preserve any English words in Latin script and keep Nepali-English code-switching in the spoken order. Do not translate between languages. Keep fillers, repetitions, corrections, false starts, and incomplete words. Do not correct grammar or normalize the speaker's wording. Do not infer inaudible words. Do not add timestamps, speaker labels, explanations, or confidence scores. Return only the transcription.",audio/5f5a8ebc78.wav,/kaggle/input/datasets/panditaadarsh/oslr54-50-utt/oslr54/audio/5f5a8ebc78.wav,ईशाको प्रथम शताब्दीको,ईशाको प्रथम शताब्दीको,ईशाको प्रथम शताब्दीको,3.0,success,इशा को पहिलो साताब्दीको,इशा को पहिलो साताब्दीको,इशा को पहिलो साताब्दीको,13,3.5262,1.1754,,,2026-08-14T13:59:02.509103+00:00,ok,1.3333333333333333,0.38095238095238093,0,3,0,1,3,4,15,6,0,2,21,8,4,1.3333,0.3333,False,False,False,False,,True
mistralai/Voxtral-Mini-3B-2507,main,3060fe34b35ba5d44202ce9ff3c097642914f8f3,1fcb17498781e52634f57ec1dabc05b37faa5ebc0edda2d0b71a2b03878e146c,039b62096708cde7517e6421cb47f6d89c1faa5ba826414de1e8bf62e3e5f24b,audio/5f5a8ebc78.wav,audio/5f5a8ebc78.wav,slr54,L2_b,L2,linguistic_rules,6fe608b8973d86f985c53419657b50e905207f4a0e0756e432c38f76d4f8630a,"You are a verbatim transcription system for Nepali speech.
Rules:
1. Write Nepali in Devanagari.
2. Write English words in Latin script.
3. Preserve Nepali-English code-switching in the spoken order.
4. Do not translate.
5. Keep fillers, repetitions, corrections, false starts, and incomplete words.
6. Do not correct grammar or normalize wording.
7. Do not guess inaudible words.
8. Add no timestamps, speaker labels, explanations, or confidence scores.
9. Output only the transcription.
10. Write spoken numbers as Nepali words, not digits.",audio/5f5a8ebc78.wav,/kaggle/input/datasets/panditaadarsh/oslr54-50-utt/oslr54/audio/5f5a8ebc78.wav,ईशाको प्रथम शताब्दीको,ईशाको प्रथम शताब्दीको,ईशाको प्रथम शताब्दीको,3.0,success,इशा को पहिलो साताब्दीको,इशा को पहिलो साताब्दीको,इशा को पहिलो साताब्दीको,13,3.5146,1.1715,,,2026-08-14T13:59:06.052427+00:00,ok,1.3333333333333333,0.38095238095238093,0,3,0,1,3,4,15,6,0,2,21,8,4,1.3333,0.3333,False,False,False,False,,True
mistralai/Voxtral-Mini-3B-2507,main,3060fe34b35ba5d44202ce9ff3c097642914f8f3,1fcb17498781e52634f57ec1dabc05b37faa5ebc0edda2d0b71a2b03878e146c,039b62096708cde7517e6421cb47f6d89c1faa5ba826414de1e8bf62e3e5f24b,audio/5f5a8ebc78.wav,audio/5f5a8ebc78.wav,slr54,L2_d,L2,linguistic_nepali,e9f3e0193e8c25070a1966ea8419717e1da498cbc875300ff3da7a397a41e92c,"You are a verbatim transcription system for Nepali speech.

नेपाली अडियोमा बोलेको कुरा जस्ताको तस्तै लेख्नुहोस्।

Rules:
1. नेपाली शब्दहरू देवनागरी लिपिमा लेख्नुहोस्।
2. सुनिएको शब्दलाई अनुवाद वा अर्थ परिवर्तन नगरी जस्ताको तस्तै लेख्नुहोस्।
3. English words spoken in the audio must remain in Latin script.
4. नेपाली र English मिसिएको भए बोलेको क्रममै code-switching सुरक्षित राख्नुहोस्।
5. अँ, अहँ, उम्, ए, हैन जस्ता सुनिएका fillers र discourse words नहटाउनुहोस्।
6. दोहोरिएका शब्द, अधुरा शब्द, false starts र speaker corrections जस्ताको तस्तै राख्नुहोस्।
7. व्याकरण, उच्चारण वा बोल्ने शैलीलाई 'सुधारेर' मानक नेपाली नबनाउनुहोस्।
8. अस्पष्ट वा नसुनिएको शब्द अनुमान गरेर नलेख्नुहोस्।
9. बोलेका सङ्ख्या शब्दका रूपमा लेख्नुहोस्, जस्तै एक, दुई, तीन; digits प्रयोग नगर्नुहोस्।
10. कुनै explanation, timestamp, speaker label वा अतिरिक्त text नदिनुहोस्।

Output only the transcription.",audio/5f5a8ebc78.wav,/kaggle/input/datasets/panditaadarsh/oslr54-50-utt/oslr54/audio/5f5a8ebc78.wav,ईशाको प्रथम शताब्दीको,ईशाको प्रथम शताब्दीको,ईशाको प्रथम शताब्दीको,3.0,success,इशा को पहिलो साताब्दी को,इशा को पहिलो साताब्दी को,इशा को पहिलो साताब्दी को,13,4.4307,1.4769,,,2026-08-14T13:59:09.581747+00:00,ok,1.6666666666666667,0.42857142857142855,0,3,0,2,3,5,15,6,0,3,21,9,5,1.6667,0.6667,False,False,False,False,,True
mistralai/Voxtral-Mini-3B-2507,main,3060fe34b35ba5d44202ce9ff3c097642914f8f3,1fcb17498781e52634f57ec1dabc05b37faa5ebc0edda2d0b71a2b03878e146c,039b62096708cde7517e6421cb47f6d89c1faa5ba826414de1e8bf62e3e5f24b,audio/5f5a8ebc78.wav,audio/5f5a8ebc78.wav,slr54,L2_i,L2,final,f1b798e1d028b45d88f956b0d5e7e10a571bda691f13a54607505a3fbf667bfa,"You are a verbatim transcription system for Nepali speech.

नेपाली अडियोमा बोलेको कुरा जस्ताको तस्तै लेख्नुहोस्।

Rules:
1. नेपाली शब्दहरू देवनागरी लिपिमा लेख्नुहोस्।
2. जे सुनिन्छ त्यही लेख्नुहोस्। अनुवाद, सारांश वा व्याख्या नगर्नुहोस्। अस्पष्ट नेपाली speech भए आफ्नो उत्तम ध्वन्यात्मक अनुमान देवनागरीमा लेख्नुहोस्।
3. English words, names, acronyms र technical terms लाई Latin script मै राख्नुहोस्; देवनागरीमा transliterate नगर्नुहोस्।
4. नेपाली-English code-switching बोलेको स्थान र क्रममै राख्नुहोस्।
5. बोलेका सङ्ख्या digits मा नलेखी शब्दका रूपमा लेख्नुहोस्।
6. fillers, repetitions, corrections र incomplete words जस्ताको तस्तै राख्नुहोस्।
7. grammar वा wording सुधार वा normalize नगर्नुहोस्।
8. explanation, timestamp, speaker label वा अतिरिक्त text नदिनुहोस्।

Output only the transcription.",audio/5f5a8ebc78.wav,/kaggle/input/datasets/panditaadarsh/oslr54-50-utt/oslr54/audio/5f5a8ebc78.wav,ईशाको प्रथम शताब्दीको,ईशाको प्रथम शताब्दीको,ईशाको प्रथम शताब्दीको,3.0,success,इशा को पहिलो साताब्दी को,इशा को पहिलो साताब्दी को,इशा को पहिलो साताब्दी को,13,4.1688,1.3896,,,2026-08-14T13:59:14.029686+00:00,ok,1.6666666666666667,0.42857142857142855,0,3,0,2,3,5,15,6,0,3,21,9,5,1.6667,0.6667,False,False,False,False,,True
